1,1896,1
1,265,1
1,754,1
1,1327,1
1,895,1
2,209,1
2,1130,1
3,1670,1
4,304,1
4,640,1
4,673,1
4,539,1
4,547,1
5,1999,1
5,745,1
5,569,1
5,1366,1
6,1723,1
7,352,1
7,293,1
7,168,1
7,488,1
7,1525,1
8,75,1
8,532,1
8,10,1
8,494,1
8,691,1
8,228,1
8,1527,1
9,1944,1
9,1383,1
10,729,1
10,116,1
10,708,1
11,1229,1
11,1721,1
11,568,1
11,790,1
11,793,1
11,1184,1
11,1300,1
12,656,1
12,342,1
13,1947,1
13,1718,1
13,1001,1
13,1678,1
13,1740,1
13,1603,1
14,758,1
14,1555,1
14,1219,1
14,1768,1
15,1186,1
15,114,1
15,1258,1
16,1355,1
17,1925,1
17,1108,1
17,359,1
17,1003,1
18,280,1
18,242,1
18,52,1
18,1730,1
18,972,1
18,82,1
18,1321,1
19,451,1
19,48,1
19,1194,1
19,1712,1
19,1469,1
19,1028,1
20,1714,1
20,1027,1
20,1943,1
20,401,1
20,1540,1
21,1551,1
21,38,1
21,44,1
21,1930,1
22,607,1
22,953,1
22,548,1
22,1353,1
22,719,1
23,1750,1
23,771,1
23,1827,1
23,1141,1
24,60,1
24,58,1
24,1628,1
24,1827,1
24,1654,1
24,638,1
25,1938,1
25,1925,1
25,539,1
26,579,1
27,489,1
27,1821,1
27,642,1
27,740,1
27,450,1
27,1926,1
27,394,1
28,175,1
28,1787,1
29,1816,1
29,1686,1
29,248,1
29,1410,1
29,952,1
29,1552,1
30,1994,1
30,947,1
30,140,1
30,246,1
30,1081,1
30,38,1
30,1388,1
31,1583,1
31,1891,1
31,1013,1
32,1952,1
32,912,1
32,215,1
32,1025,1
32,664,1
32,1732,1
33,964,1
33,857,1
33,1307,1
34,108,1
34,730,1
34,100,1
34,1089,1
34,1247,1
34,985,1
35,1172,1
35,1412,1
36,45,1
37,1364,1
37,1351,1
37,599,1
37,1768,1
38,886,1
38,1611,1
39,1829,1
39,656,1
39,549,1
40,795,1
40,782,1
40,991,1
40,776,1
41,1242,1
41,177,1
41,1525,1
41,1201,1
41,1329,1
42,1594,1
43,1933,1
43,231,1
43,1850,1
43,182,1
44,1085,1
44,1532,1
44,1445,1
44,194,1
44,1584,1
44,710,1
44,1212,1
45,1585,1
45,116,1
45,1733,1
46,1404,1
46,270,1
46,729,1
46,1051,1
46,620,1
46,608,1
47,1058,1
47,889,1
47,775,1
47,1441,1
47,182,1
47,1272,1
47,1087,1
48,1349,1
49,740,1
49,441,1
50,1705,1
50,1279,1
50,1247,1
50,1452,1
51,1256,1
52,1310,1
53,1486,1
54,1609,1
54,366,1
54,1518,1
54,905,1
54,326,1
54,557,1
55,584,1
55,732,1
55,1615,1
56,1447,1
56,1470,1
56,1340,1
56,1607,1
56,198,1
57,629,1
57,1120,1
57,51,1
57,1433,1
57,1155,1
57,1466,1
57,703,1
58,870,1
58,1215,1
59,555,1
59,1721,1
59,95,1
60,139,1
61,89,1
61,958,1
62,43,1
62,416,1
63,1502,1
63,1100,1
63,388,1
64,357,1
64,655,1
64,1968,1
65,1587,1
66,594,1
67,304,1
67,202,1
67,201,1
68,1471,1
68,103,1
68,1890,1
68,281,1
68,126,1
69,1202,1
69,327,1
69,1171,1
69,452,1
69,1184,1
69,1407,1
69,333,1
70,1118,1
70,1230,1
70,8,1
70,1404,1
70,982,1
70,525,1
70,377,1
71,1560,1
71,1083,1
71,1291,1
72,1327,1
72,615,1
73,1120,1
73,320,1
73,1503,1
74,377,1
74,1104,1
74,1397,1
75,63,1
75,1284,1
75,861,1
75,677,1
75,1618,1
75,1332,1
75,624,1
76,376,1
76,1220,1
77,436,1
77,1206,1
77,1620,1
77,1708,1
77,31,1
78,1770,1
78,1007,1
78,1705,1
78,1577,1
79,595,1
79,237,1
79,238,1
80,1903,1
81,744,1
81,622,1
81,1181,1
82,1154,1
83,1540,1
83,737,1
83,1388,1
84,208,1
84,1219,1
85,827,1
85,698,1
85,1850,1
85,610,1
85,712,1
85,847,1
85,1700,1
86,530,1
86,742,1
87,789,1
87,759,1
87,960,1
87,605,1
88,921,1
89,941,1
89,117,1
89,1085,1
89,288,1
89,1247,1
89,1291,1
89,932,1
90,117,1
90,1010,1
90,1513,1
90,795,1
90,1678,1
91,1655,1
91,882,1
91,809,1
91,1005,1
91,47,1
91,715,1
91,1545,1
92,215,1
92,616,1
92,1410,1
92,1409,1
92,1702,1
92,1906,1
93,323,1
93,951,1
94,554,1
94,1107,1
94,1443,1
94,1591,1
94,244,1
95,762,1
96,332,1
96,1627,1
96,1720,1
97,460,1
97,1008,1
97,1069,1
97,994,1
97,149,1
98,1849,1
98,1949,1
98,1461,1
99,69,1
99,1758,1
99,925,1
99,976,1
100,502,1
100,460,1
100,307,1
100,461,1
100,1780,1
101,1202,1
101,105,1
101,1131,1
101,638,1
102,195,1
102,1661,1
102,302,1
102,698,1
102,1349,1
103,1768,1
103,333,1
103,784,1
104,1098,1
104,1722,1
104,1342,1
104,645,1
104,922,1
105,528,1
105,554,1
105,1472,1
105,1168,1
106,1317,1
107,1326,1
107,631,1
107,69,1
107,224,1
107,95,1
107,318,1
108,1505,1
108,1015,1
108,372,1
108,179,1
108,871,1
109,543,1
109,974,1
109,1313,1
109,1071,1
109,317,1
109,1442,1
110,631,1
110,1952,1
110,1690,1
110,1149,1
110,528,1
110,859,1
110,1861,1
111,1598,1
111,1260,1
111,56,1
111,1077,1
112,1523,1
112,583,1
113,1898,1
113,1788,1
114,180,1
114,791,1
114,418,1
114,1944,1
115,1193,1
115,1342,1
115,58,1
115,856,1
116,1260,1
116,1383,1
116,1399,1
116,687,1
117,573,1
117,1766,1
117,1419,1
118,1220,1
118,1866,1
118,531,1
118,340,1
118,678,1
118,1060,1
118,1427,1
119,997,1
119,333,1
119,1390,1
119,291,1
119,1812,1
119,482,1
120,1395,1
120,1957,1
120,714,1
121,1830,1
121,20,1
121,127,1
121,826,1
121,1232,1
121,216,1
121,410,1
122,511,1
122,179,1
122,309,1
123,1089,1
124,586,1
124,704,1
124,529,1
124,831,1
125,20,1
125,1223,1
126,1474,1
127,1660,1
127,472,1
127,1210,1
127,577,1
127,976,1
128,943,1
128,988,1
128,1181,1
128,830,1
128,1606,1
128,861,1
129,913,1
129,713,1
129,1753,1
129,540,1
129,787,1
129,349,1
130,1663,1
130,309,1
130,1155,1
130,462,1
131,1670,1
131,1459,1
131,580,1
132,771,1
133,1396,1
133,1709,1
133,1965,1
134,157,1
135,472,1
135,252,1
136,1318,1
136,1399,1
137,1286,1
138,29,1
138,800,1
138,709,1
138,1992,1
139,107,1
139,1852,1
140,828,1
140,1979,1
141,907,1
141,950,1
141,1113,1
141,1318,1
141,1679,1
141,986,1
142,1937,1
143,1195,1
143,1464,1
143,1088,1
143,1097,1
144,260,1
144,1416,1
145,68,1
145,848,1
145,1911,1
145,480,1
146,248,1
146,1263,1
146,1946,1
146,749,1
147,414,1
147,473,1
147,411,1
148,279,1
148,97,1
148,526,1
148,1728,1
149,1698,1
149,1620,1
149,1180,1
149,1098,1
149,353,1
149,113,1
149,220,1
150,1412,1
150,1375,1
151,253,1
151,799,1
151,727,1
151,1433,1
151,1356,1
152,1755,1
152,1350,1
152,1382,1
152,1392,1
152,515,1
152,964,1
152,736,1
153,1302,1
153,1823,1
153,235,1
153,1421,1
154,941,1
154,1141,1
154,1173,1
154,864,1
154,199,1
154,1881,1
154,1858,1
155,1175,1
155,761,1
155,1635,1
155,896,1
155,1834,1
156,1009,1
156,415,1
156,1563,1
156,60,1
156,532,1
157,925,1
157,460,1
157,155,1
157,147,1
157,1071,1
158,1132,1
159,1766,1
159,1379,1
159,556,1
160,1365,1
160,664,1
160,1106,1
160,1840,1
160,1593,1
160,335,1
160,1916,1
161,1501,1
162,1843,1
162,1044,1
162,710,1
162,1649,1
163,669,1
163,1569,1
163,42,1
163,589,1
163,577,1
164,346,1
164,1808,1
164,1030,1
165,477,1
166,1130,1
166,988,1
166,1805,1
166,1903,1
166,1024,1
166,586,1
166,1945,1
167,307,1
167,576,1
167,1951,1
167,331,1
168,1589,1
168,504,1
168,1404,1
169,1204,1
169,207,1
169,1049,1
169,205,1
169,986,1
169,184,1
169,792,1
170,1653,1
170,1988,1
170,1862,1
171,882,1
171,1115,1
171,1213,1
172,1698,1
172,828,1
172,606,1
172,1724,1
173,98,1
173,255,1
173,1547,1
174,798,1
174,1245,1
174,440,1
174,669,1
175,1474,1
175,1511,1
175,405,1
175,917,1
175,137,1
175,1746,1
176,194,1
176,1616,1
176,219,1
177,1988,1
177,1820,1
177,1961,1
177,692,1
177,1327,1
177,1223,1
177,421,1
178,493,1
178,428,1
178,1885,1
178,1384,1
178,723,1
178,686,1
178,69,1
179,1486,1
179,1593,1
179,692,1
179,1528,1
179,3,1
179,1208,1
180,793,1
180,880,1
181,986,1
181,1943,1
181,219,1
181,1797,1
181,1020,1
181,1066,1
182,1637,1
182,19,1
182,106,1
183,802,1
183,740,1
183,1226,1
184,1670,1
184,1024,1
184,175,1
184,1855,1
185,1765,1
186,939,1
187,116,1
187,1701,1
187,400,1
187,1909,1
187,1952,1
188,170,1
188,590,1
188,773,1
188,1706,1
188,414,1
188,920,1
188,1039,1
189,1017,1
189,518,1
189,1852,1
189,1420,1
189,1133,1
190,434,1
190,1018,1
190,1344,1
190,1661,1
190,18,1
191,624,1
192,160,1
192,526,1
192,1059,1
193,1536,1
194,1218,1
194,308,1
195,283,1
195,1356,1
196,1517,1
196,1731,1
196,963,1
197,226,1
197,1590,1
197,591,1
197,1336,1
197,1415,1
198,1411,1
198,815,1
199,1893,1
199,1226,1
199,1647,1
200,327,1
200,619,1
200,91,1
200,1571,1
200,876,1
200,1366,1
200,588,1
201,469,1
201,793,1
202,1137,1
202,93,1
202,1217,1
202,581,1
202,731,1
202,601,1
203,529,1
204,1900,1
204,1096,1
204,1822,1
204,1805,1
204,345,1
204,999,1
205,751,1
205,1156,1
206,874,1
206,1743,1
206,1481,1
206,1356,1
206,754,1
207,1519,1
207,58,1
207,1472,1
208,1393,1
208,1873,1
209,1253,1
209,1682,1
209,565,1
209,458,1
210,1203,1
210,1360,1
210,273,1
210,1058,1
210,1825,1
211,1147,1
211,14,1
211,1858,1
211,562,1
211,1469,1
211,987,1
211,1145,1
212,623,1
212,1792,1
212,731,1
212,1821,1
212,125,1
213,1184,1
213,1483,1
213,1821,1
213,1110,1
213,1935,1
213,1668,1
214,800,1
214,644,1
214,1217,1
214,618,1
215,1110,1
216,317,1
216,913,1
216,841,1
216,162,1
216,695,1
217,1407,1
217,110,1
217,778,1
217,951,1
217,1696,1
217,1151,1
217,1869,1
218,1727,1
218,187,1
218,199,1
219,986,1
219,775,1
219,1392,1
219,711,1
219,471,1
220,1272,1
221,1898,1
222,1293,1
222,1738,1
222,1419,1
223,141,1
224,1592,1
224,1074,1
225,41,1
225,1361,1
226,1865,1
226,1312,1
226,1276,1
226,1017,1
226,1336,1
227,1311,1
227,528,1
227,1535,1
227,594,1
228,1684,1
228,152,1
228,570,1
228,1615,1
229,1430,1
229,304,1
230,388,1
231,1843,1
232,1410,1
232,1561,1
232,1005,1
232,575,1
233,714,1
233,1594,1
233,408,1
233,511,1
233,1714,1
234,673,1
234,1042,1
234,1095,1
234,527,1
234,337,1
235,1378,1
235,730,1
235,1141,1
235,1283,1
235,620,1
235,517,1
235,1644,1
236,1682,1
236,383,1
236,944,1
237,247,1
237,135,1
237,496,1
237,900,1
238,1886,1
238,1955,1
238,1767,1
238,602,1
238,1694,1
239,1846,1
239,179,1
239,295,1
239,1447,1
239,1852,1
239,849,1
239,586,1
240,68,1
240,792,1
241,1884,1
241,836,1
241,1235,1
241,696,1
241,619,1
241,1273,1
242,326,1
242,1879,1
242,985,1
242,1752,1
242,1641,1
243,1714,1
243,1859,1
243,1522,1
243,1752,1
243,1329,1
243,1547,1
243,940,1
244,776,1
244,1935,1
244,1460,1
244,1900,1
245,1719,1
246,677,1
246,824,1
246,1493,1
246,1507,1
246,823,1
246,416,1
246,197,1
247,255,1
247,638,1
247,1898,1
247,1465,1
247,710,1
247,1169,1
248,1380,1
248,1471,1
249,63,1
250,299,1
250,2000,1
250,1016,1
250,1694,1
250,1954,1
250,1122,1
250,393,1
251,459,1
251,1966,1
252,1264,1
252,978,1
252,530,1
252,1062,1
253,1065,1
253,1501,1
253,187,1
253,1855,1
253,1036,1
254,1638,1
254,753,1
254,1903,1
254,1214,1
254,1432,1
254,711,1
255,49,1
256,1993,1
256,991,1
256,678,1
256,1287,1
256,1843,1
256,1123,1
257,1241,1
257,1799,1
257,1105,1
257,1398,1
257,211,1
258,1424,1
258,1689,1
258,1875,1
258,480,1
258,1140,1
258,125,1
258,99,1
259,63,1
259,1889,1
259,380,1
259,1104,1
260,601,1
260,1863,1
260,1086,1
260,680,1
260,1528,1
260,1439,1
260,903,1
261,1772,1
261,268,1
261,1423,1
261,1158,1
261,357,1
261,1812,1
261,312,1
262,402,1
263,859,1
264,1369,1
265,475,1
265,1722,1
266,1756,1
266,660,1
266,1950,1
267,1324,1
267,1427,1
267,965,1
267,1908,1
268,617,1
268,1622,1
269,1631,1
269,931,1
269,1625,1
269,31,1
269,756,1
269,1490,1
269,1890,1
270,433,1
270,796,1
270,1295,1
270,469,1
271,818,1
272,1345,1
272,1859,1
272,1317,1
272,759,1
272,650,1
273,176,1
273,1071,1
273,1982,1
273,1206,1
273,374,1
273,1552,1
273,830,1
274,1132,1
274,385,1
274,1586,1
275,1163,1
275,643,1
275,1722,1
275,983,1
276,45,1
276,1368,1
276,1186,1
277,158,1
277,1132,1
277,1942,1
277,1599,1
277,1972,1
277,1229,1
277,588,1
278,676,1
278,1719,1
278,707,1
279,1816,1
279,1728,1
279,1402,1
279,1538,1
280,1936,1
280,703,1
281,1119,1
281,1291,1
281,1319,1
281,823,1
281,1048,1
281,950,1
282,1788,1
282,1611,1
282,1248,1
282,791,1
283,841,1
283,1336,1
283,986,1
283,167,1
284,726,1
284,1018,1
285,59,1
285,357,1
285,419,1
285,712,1
285,307,1
285,1919,1
285,964,1
286,255,1
286,1765,1
286,1230,1
286,1923,1
286,725,1
286,1024,1
287,1937,1
287,1922,1
287,640,1
287,845,1
287,471,1
287,111,1
288,1978,1
289,208,1
289,1105,1
289,1212,1
289,1311,1
289,1697,1
290,101,1
290,145,1
290,1709,1
290,1175,1
290,1937,1
290,8,1
291,1763,1
291,1899,1
291,186,1
291,1577,1
291,1053,1
292,1109,1
292,981,1
292,1488,1
293,1123,1
293,1368,1
293,1352,1
293,415,1
294,1293,1
294,1173,1
294,307,1
294,671,1
294,976,1
294,1763,1
295,567,1
295,873,1
295,443,1
295,658,1
296,1864,1
296,1680,1
296,875,1
296,1331,1
297,1450,1
297,704,1
297,1225,1
298,341,1
298,222,1
298,1614,1
298,428,1
299,1113,1
299,1325,1
300,984,1
300,1038,1
301,340,1
301,51,1
301,1225,1
302,982,1
302,206,1
303,330,1
303,679,1
303,894,1
303,187,1
303,699,1
303,154,1
304,650,1
304,785,1
304,53,1
304,864,1
304,1029,1
304,1255,1
305,389,1
305,568,1
305,1391,1
305,1977,1
305,361,1
305,1550,1
305,298,1
306,704,1
306,1577,1
307,1796,1
307,497,1
307,721,1
307,92,1
307,848,1
307,840,1
308,112,1
309,1695,1
309,155,1
310,1061,1
310,1909,1
310,323,1
310,1884,1
310,1016,1
311,1073,1
311,1534,1
311,687,1
311,73,1
311,583,1
312,741,1
312,1730,1
312,474,1
312,120,1
312,1502,1
312,1156,1
312,1387,1
313,1142,1
314,1913,1
314,471,1
315,1485,1
315,520,1
315,1856,1
315,568,1
315,1982,1
315,342,1
316,1435,1
316,269,1
316,63,1
316,1639,1
316,1147,1
316,1988,1
316,1556,1
317,1440,1
317,244,1
317,1048,1
317,1276,1
318,961,1
318,1520,1
318,1610,1
318,288,1
318,1252,1
318,1422,1
318,1753,1
319,1892,1
319,1507,1
319,589,1
319,1371,1
319,1193,1
319,70,1
320,1402,1
320,1848,1
320,755,1
320,812,1
320,1418,1
320,440,1
321,1552,1
321,1839,1
321,1181,1
321,1748,1
322,1943,1
322,646,1
322,983,1
322,626,1
322,1498,1
323,1063,1
323,1711,1
323,275,1
323,1924,1
323,688,1
323,240,1
323,1928,1
324,1436,1
324,1788,1
324,179,1
324,1836,1
324,318,1
325,1068,1
325,862,1
326,1506,1
326,1876,1
326,1984,1
326,229,1
326,1720,1
326,1252,1
326,1449,1
327,18,1
327,1145,1
327,1774,1
328,666,1
328,1128,1
329,1002,1
329,985,1
329,570,1
329,415,1
329,1897,1
329,659,1
329,700,1
330,1667,1
330,838,1
330,128,1
330,1983,1
330,933,1
331,1408,1
331,1638,1
331,364,1
332,1446,1
332,149,1
332,85,1
332,1636,1
332,411,1
333,1000,1
334,1840,1
334,1954,1
335,532,1
335,1653,1
335,408,1
335,1220,1
335,956,1
335,1321,1
336,1068,1
336,1762,1
336,200,1
336,777,1
336,1177,1
336,736,1
337,1191,1
337,763,1
338,1518,1
338,512,1
338,791,1
338,1402,1
338,1411,1
338,1958,1
338,468,1
339,1336,1
340,1455,1
340,326,1
340,486,1
340,1345,1
341,966,1
341,931,1
342,1069,1
343,340,1
343,735,1
343,259,1
344,1113,1
344,620,1
344,412,1
344,179,1
344,752,1
344,776,1
345,1273,1
345,875,1
346,896,1
346,891,1
346,674,1
346,872,1
346,737,1
346,1930,1
346,603,1
347,85,1
347,272,1
348,1302,1
348,1277,1
348,130,1
349,987,1
349,1154,1
349,1686,1
349,1117,1
350,43,1
350,1906,1
350,1109,1
350,1256,1
351,1357,1
351,1500,1
351,1822,1
352,504,1
352,1771,1
352,1878,1
352,625,1
352,773,1
353,1023,1
353,1817,1
353,1063,1
353,587,1
353,1532,1
354,1721,1
354,1164,1
355,619,1
355,120,1
356,284,1
356,16,1
356,1640,1
356,67,1
356,1193,1
357,1487,1
357,245,1
357,615,1
357,1746,1
357,1535,1
357,652,1
358,1798,1
358,832,1
358,284,1
358,720,1
358,718,1
358,205,1
358,793,1
359,887,1
359,844,1
359,1653,1
359,1738,1
359,1526,1
360,147,1
360,221,1
361,1190,1
361,574,1
362,1984,1
362,1036,1
363,880,1
363,1345,1
363,692,1
363,1479,1
364,578,1
364,650,1
365,1994,1
366,1513,1
367,429,1
367,573,1
367,1126,1
367,154,1
368,1560,1
369,868,1
369,7,1
369,408,1
369,455,1
369,771,1
369,1326,1
370,358,1
370,1809,1
370,35,1
371,792,1
371,1250,1
371,1867,1
371,772,1
372,826,1
372,1138,1
372,1699,1
372,1592,1
372,1471,1
372,181,1
372,20,1
373,1341,1
373,114,1
374,1562,1
374,872,1
374,375,1
374,460,1
374,588,1
374,1311,1
375,841,1
376,1919,1
376,1204,1
376,1052,1
376,329,1
377,851,1
377,1284,1
378,1957,1
379,938,1
379,721,1
380,1544,1
380,286,1
381,951,1
381,1802,1
381,1118,1
381,1489,1
381,1743,1
381,771,1
382,854,1
382,1255,1
382,1454,1
382,971,1
382,1869,1
383,216,1
383,1445,1
383,124,1
383,1551,1
384,613,1
384,1302,1
384,1307,1
384,1130,1
384,142,1
384,1557,1
385,1543,1
385,620,1
386,853,1
386,327,1
387,1899,1
387,1248,1
388,885,1
388,19,1
388,1558,1
389,1717,1
389,2000,1
389,1333,1
389,1880,1
389,1027,1
389,739,1
389,168,1
390,798,1
390,325,1
390,1494,1
390,447,1
390,1515,1
390,1674,1
391,236,1
391,1354,1
391,1200,1
391,1124,1
392,1039,1
392,1270,1
392,1635,1
392,1554,1
393,486,1
393,1764,1
393,639,1
393,156,1
393,1558,1
394,186,1
394,570,1
394,1778,1
395,1411,1
395,1217,1
395,748,1
395,630,1
396,117,1
396,785,1
396,1939,1
397,339,1
397,651,1
397,1428,1
397,164,1
397,565,1
397,440,1
397,1265,1
398,1506,1
398,415,1
398,1644,1
398,1221,1
398,1937,1
399,110,1
399,1565,1
399,504,1
399,1428,1
399,1901,1
400,809,1
400,1511,1
400,1042,1
401,1760,1
401,1271,1
402,1318,1
402,568,1
402,1122,1
402,1309,1
402,440,1
402,1995,1
402,1896,1
403,1917,1
403,1231,1
403,275,1
403,800,1
404,722,1
404,1076,1
404,168,1
404,924,1
404,1491,1
404,484,1
404,1534,1
405,508,1
405,1903,1
405,943,1
405,1064,1
405,457,1
406,1440,1
406,189,1
407,1572,1
408,738,1
408,397,1
409,1634,1
410,1770,1
410,499,1
411,407,1
411,1091,1
411,1411,1
412,355,1
412,1812,1
413,1173,1
413,399,1
413,937,1
413,469,1
413,1323,1
413,906,1
413,1329,1
414,10,1
414,800,1
414,1681,1
415,314,1
415,1622,1
415,1153,1
415,319,1
415,1698,1
416,20,1
416,927,1
416,1790,1
416,500,1
416,1973,1
416,649,1
416,319,1
417,1946,1
417,1551,1
418,1988,1
418,1068,1
418,54,1
418,377,1
418,619,1
418,1890,1
418,1118,1
419,144,1
419,1414,1
419,989,1
420,1684,1
420,259,1
420,1840,1
421,990,1
421,1234,1
421,601,1
421,1008,1
422,1885,1
422,766,1
422,904,1
422,758,1
422,1859,1
422,1562,1
423,1084,1
423,624,1
423,510,1
423,1323,1
424,1545,1
424,1509,1
424,789,1
424,1808,1
424,826,1
424,1353,1
424,1011,1
425,1714,1
425,351,1
425,650,1
426,59,1
426,1712,1
427,1464,1
427,933,1
427,76,1
427,1774,1
427,1985,1
427,641,1
428,408,1
428,1796,1
428,274,1
428,1732,1
428,953,1
428,414,1
429,1742,1
429,1379,1
429,1918,1
429,1942,1
429,1175,1
429,123,1
430,270,1
430,1601,1
430,452,1
430,387,1
430,1879,1
431,153,1
431,1581,1
431,627,1
431,1446,1
432,1374,1
432,395,1
432,1594,1
432,1269,1
433,1628,1
433,598,1
433,963,1
433,185,1
433,868,1
433,1515,1
433,595,1
434,1529,1
434,1338,1
434,547,1
435,125,1
435,1252,1
435,153,1
435,532,1
435,1862,1
436,1108,1
436,751,1
436,84,1
436,510,1
436,450,1
436,732,1
436,1288,1
437,1038,1
437,49,1
438,514,1
438,1942,1
438,462,1
438,1916,1
438,1649,1
439,156,1
440,1016,1
440,348,1
440,1668,1
440,932,1
441,920,1
441,610,1
441,202,1
441,650,1
441,1901,1
441,931,1
441,339,1
442,1991,1
442,1160,1
443,565,1
443,558,1
443,656,1
443,311,1
443,1964,1
443,607,1
444,1634,1
444,1597,1
444,1667,1
444,1121,1
444,1886,1
444,1223,1
444,827,1
445,1883,1
445,1101,1
445,725,1
446,1738,1
446,1329,1
446,898,1
447,1505,1
447,1112,1
447,770,1
447,779,1
447,1730,1
447,713,1
448,903,1
448,1242,1
448,126,1
448,1392,1
448,325,1
448,1909,1
448,381,1
449,534,1
449,1615,1
449,1320,1
450,882,1
450,390,1
450,1335,1
450,910,1
451,1646,1
452,1564,1
453,1999,1
453,1723,1
453,21,1
453,1374,1
453,730,1
454,1177,1
454,455,1
454,1145,1
455,622,1
455,823,1
455,715,1
455,1675,1
455,1607,1
456,964,1
456,1595,1
457,1527,1
457,1202,1
457,107,1
457,1574,1
457,32,1
457,1741,1
458,1939,1
458,954,1
458,1147,1
458,1687,1
459,1130,1
460,732,1
460,1721,1
460,1817,1
460,1540,1
460,471,1
460,1580,1
460,963,1
461,1674,1
461,1512,1
462,1680,1
463,1835,1
463,308,1
463,406,1
463,141,1
463,1409,1
463,1539,1
463,26,1
464,350,1
464,1360,1
464,1454,1
464,110,1
464,301,1
464,1899,1
464,288,1
465,296,1
465,1341,1
465,596,1
465,811,1
465,465,1
466,982,1
466,1596,1
466,1451,1
466,1295,1
466,1078,1
466,1059,1
466,531,1
467,980,1
467,241,1
467,78,1
467,231,1
467,983,1
468,1181,1
468,550,1
468,1451,1
468,1751,1
469,1097,1
469,1421,1
469,18,1
470,1369,1
470,1453,1
471,1811,1
471,912,1
471,119,1
471,1540,1
471,1041,1
472,1925,1
473,230,1
473,1417,1
473,1959,1
474,708,1
474,1556,1
474,1236,1
474,874,1
474,933,1
474,1445,1
475,1512,1
475,1671,1
475,1625,1
475,1294,1
476,1607,1
476,86,1
476,1737,1
476,1147,1
477,288,1
477,1539,1
477,797,1
477,607,1
478,726,1
478,46,1
478,1154,1
479,32,1
479,978,1
479,1863,1
479,5,1
480,1727,1
480,105,1
481,1407,1
482,775,1
482,1883,1
483,1272,1
483,1914,1
484,137,1
484,1745,1
484,1620,1
485,325,1
485,234,1
485,442,1
486,1971,1
487,1938,1
487,681,1
487,700,1
487,1670,1
487,1773,1
487,1331,1
487,1374,1
488,773,1
488,719,1
488,450,1
488,81,1
489,249,1
489,819,1
489,82,1
489,680,1
489,1901,1
490,1742,1
490,165,1
491,1554,1
491,1285,1
491,113,1
491,441,1
491,1115,1
491,278,1
492,652,1
492,332,1
492,1241,1
492,1738,1
492,512,1
492,1703,1
493,822,1
493,721,1
493,924,1
493,472,1
493,1164,1
493,548,1
494,917,1
494,197,1
494,1952,1
495,1588,1
495,280,1
495,343,1
495,833,1
495,918,1
496,693,1
496,1332,1
496,1789,1
497,1426,1
497,98,1
497,1738,1
497,131,1
497,199,1
497,462,1
498,1543,1
498,1734,1
498,399,1
498,1318,1
498,416,1
498,449,1
498,1598,1
499,1698,1
499,1423,1
499,1893,1
499,818,1
500,1374,1
500,1471,1
500,755,1
500,90,1
501,471,1
501,666,1
501,704,1
501,1618,1
502,722,1
502,1723,1
503,1559,1
503,1602,1
503,802,1
503,345,1
503,1058,1
503,1219,1
504,783,1
504,187,1
504,512,1
505,635,1
505,354,1
506,508,1
506,1852,1
506,1907,1
506,663,1
506,1868,1
506,963,1
506,393,1
507,116,1
507,1639,1
508,1177,1
508,772,1
509,1292,1
509,905,1
509,1837,1
510,842,1
510,1971,1
511,1750,1
512,228,1
512,210,1
512,1054,1
512,430,1
513,1977,1
513,1598,1
513,238,1
513,1720,1
514,940,1
514,640,1
514,770,1
514,1274,1
514,1029,1
514,844,1
515,1796,1
515,858,1
515,328,1
516,530,1
516,203,1
516,1475,1
516,439,1
516,1881,1
517,1361,1
517,1776,1
517,880,1
517,1812,1
517,438,1
517,909,1
517,1443,1
518,553,1
518,478,1
518,713,1
518,1141,1
518,859,1
518,1893,1
519,407,1
519,461,1
519,867,1
520,844,1
520,1695,1
520,1261,1
520,1450,1
520,1517,1
521,183,1
521,9,1
522,805,1
522,996,1
522,134,1
522,655,1
522,1814,1
522,82,1
522,338,1
523,1131,1
523,1046,1
523,1715,1
523,968,1
523,578,1
523,999,1
523,955,1
524,399,1
524,607,1
524,954,1
524,1497,1
524,340,1
524,1040,1
524,179,1
525,530,1
525,1012,1
525,1667,1
525,1886,1
525,1781,1
526,178,1
526,1788,1
526,781,1
526,1386,1
526,111,1
526,1584,1
527,484,1
527,1684,1
528,1930,1
528,42,1
528,1418,1
528,859,1
528,323,1
528,1523,1
528,1399,1
529,1653,1
529,1217,1
529,1573,1
529,1910,1
529,12,1
529,38,1
530,520,1
530,793,1
530,419,1
531,1322,1
531,606,1
531,73,1
531,1482,1
531,467,1
531,1893,1
532,896,1
532,851,1
532,1734,1
532,170,1
532,542,1
532,725,1
533,1685,1
533,1130,1
533,1760,1
533,827,1
533,1966,1
533,1201,1
533,75,1
534,445,1
534,499,1
534,606,1
534,1189,1
534,1135,1
534,1778,1
534,1563,1
535,377,1
535,1127,1
536,1404,1
536,1844,1
536,1863,1
537,1869,1
537,295,1
537,1558,1
537,1260,1
538,464,1
538,255,1
538,1043,1
538,1707,1
539,1298,1
539,1253,1
539,1249,1
539,1259,1
539,1910,1
540,198,1
540,1012,1
540,803,1
540,1882,1
541,400,1
541,1090,1
541,1638,1
541,1783,1
541,650,1
541,1367,1
541,760,1
542,1950,1
542,1555,1
542,791,1
542,563,1
542,1116,1
543,66,1
543,1491,1
543,152,1
543,1652,1
543,245,1
543,1047,1
544,1662,1
544,1783,1
544,434,1
544,944,1
544,1767,1
544,1465,1
544,1810,1
545,1208,1
545,1929,1
546,1259,1
546,1260,1
546,1726,1
546,1698,1
546,1493,1
546,965,1
547,658,1
547,1241,1
547,139,1
548,1862,1
548,332,1
548,657,1
548,1417,1
548,802,1
548,43,1
549,426,1
549,5,1
549,852,1
549,1107,1
550,496,1
550,1125,1
550,1236,1
550,1804,1
551,317,1
551,923,1
551,1749,1
551,640,1
551,568,1
551,1301,1
552,893,1
552,880,1
552,418,1
552,1193,1
552,659,1
552,1189,1
552,1553,1
553,201,1
554,951,1
554,249,1
554,123,1
554,1215,1
554,657,1
554,1721,1
555,53,1
555,1381,1
555,711,1
555,393,1
555,1348,1
556,816,1
556,547,1
556,993,1
556,516,1
556,247,1
556,1858,1
557,170,1
558,1068,1
558,381,1
558,694,1
558,689,1
558,1687,1
559,1098,1
560,336,1
560,1215,1
560,136,1
561,1782,1
561,962,1
561,1073,1
561,951,1
561,731,1
561,373,1
561,362,1
562,1067,1
562,1421,1
563,1286,1
563,826,1
563,103,1
563,1518,1
563,939,1
563,584,1
564,1151,1
564,1148,1
564,1424,1
564,964,1
565,1612,1
565,824,1
565,440,1
566,1577,1
566,385,1
566,1825,1
567,1085,1
567,1204,1
567,1898,1
567,734,1
567,1892,1
568,1051,1
568,1045,1
568,1324,1
568,1089,1
568,361,1
568,1193,1
568,44,1
569,1036,1
569,1340,1
570,1498,1
570,1293,1
570,1742,1
571,1724,1
571,1064,1
571,607,1
571,634,1
572,994,1
572,223,1
573,1735,1
573,148,1
573,749,1
573,1619,1
573,283,1
574,218,1
574,1190,1
575,1038,1
575,508,1
576,1249,1
576,924,1
576,683,1
577,174,1
577,168,1
577,20,1
578,1622,1
578,160,1
578,1700,1
578,903,1
579,1425,1
579,1557,1
579,1164,1
579,873,1
579,1477,1
580,1955,1
580,776,1
580,271,1
580,456,1
580,1892,1
580,1085,1
581,803,1
581,1485,1
581,1198,1
581,1600,1
582,478,1
582,717,1
582,1228,1
582,1840,1
582,1421,1
582,1219,1
582,285,1
583,1711,1
583,1487,1
583,1560,1
583,961,1
583,525,1
583,670,1
583,492,1
584,1227,1
584,397,1
585,1795,1
585,1456,1
586,1361,1
586,1219,1
586,1491,1
586,938,1
586,834,1
587,3,1
587,839,1
587,992,1
587,1974,1
588,178,1
588,1847,1
588,1925,1
589,1624,1
589,879,1
589,244,1
589,1176,1
590,690,1
590,775,1
590,108,1
590,157,1
591,1175,1
591,1934,1
591,1049,1
591,531,1
592,1525,1
592,473,1
592,367,1
593,1772,1
594,419,1
595,247,1
595,552,1
595,595,1
595,1462,1
596,1834,1
597,568,1
597,24,1
598,1252,1
598,107,1
598,1595,1
599,478,1
599,262,1
599,1259,1
599,1926,1
599,838,1
600,840,1
600,519,1
600,43,1
600,472,1
600,339,1
600,857,1
601,1193,1
601,1458,1
602,386,1
602,1000,1
602,1720,1
602,1057,1
603,343,1
603,380,1
603,1423,1
604,825,1
604,1702,1
605,456,1
605,1980,1
606,1082,1
606,741,1
607,279,1
607,376,1
607,206,1
607,805,1
607,173,1
607,1468,1
607,204,1
608,1788,1
608,551,1
608,926,1
608,1928,1
608,827,1
608,1547,1
609,547,1
609,1402,1
609,6,1
609,1101,1
609,527,1
609,1427,1
609,1312,1
610,1877,1
610,1055,1
610,1682,1
610,1132,1
610,1030,1
610,1710,1
611,64,1
611,1349,1
611,382,1
611,1416,1
612,1919,1
612,1043,1
613,386,1
614,136,1
614,344,1
614,36,1
614,1832,1
615,1200,1
615,34,1
616,1255,1
616,1614,1
616,487,1
617,1956,1
617,544,1
617,855,1
617,204,1
617,72,1
618,1361,1
618,831,1
618,1999,1
618,379,1
618,1643,1
618,1902,1
619,544,1
619,1737,1
619,1639,1
619,1128,1
619,1468,1
619,921,1
619,948,1
620,714,1
620,1983,1
620,210,1
621,403,1
621,778,1
621,425,1
621,422,1
621,91,1
622,1130,1
622,1325,1
622,494,1
623,427,1
623,727,1
623,362,1
623,1277,1
623,611,1
623,1155,1
624,174,1
624,811,1
624,1911,1
624,1680,1
625,1777,1
625,1183,1
625,625,1
625,1747,1
625,1026,1
625,922,1
626,1361,1
626,1882,1
627,138,1
628,281,1
628,1960,1
628,755,1
628,994,1
628,8,1
629,1425,1
629,867,1
629,389,1
629,550,1
629,1640,1
629,1333,1
629,364,1
630,508,1
630,1105,1
630,28,1
630,311,1
631,1892,1
631,52,1
631,852,1
631,867,1
632,1231,1
632,186,1
632,1557,1
632,918,1
632,1279,1
633,1653,1
633,522,1
633,19,1
633,1839,1
633,1866,1
633,384,1
633,637,1
634,1025,1
634,176,1
635,1596,1
635,152,1
635,994,1
636,1914,1
637,634,1
637,459,1
637,925,1
637,893,1
637,729,1
637,1432,1
638,1150,1
639,150,1
639,419,1
639,404,1
639,61,1
639,120,1
640,623,1
640,1289,1
641,354,1
641,1291,1
641,169,1
641,1000,1
641,1943,1
642,1804,1
643,860,1
643,864,1
643,455,1
644,1326,1
644,603,1
644,323,1
645,306,1
645,336,1
645,432,1
646,1126,1
646,154,1
646,1868,1
646,36,1
646,1901,1
646,1273,1
647,208,1
647,1792,1
647,620,1
648,953,1
648,1138,1
648,581,1
648,1431,1
648,1229,1
648,1708,1
648,1257,1
649,1549,1
649,1677,1
649,607,1
650,1116,1
651,501,1
651,726,1
651,405,1
652,951,1
653,762,1
653,1081,1
653,1069,1
653,331,1
654,425,1
654,1241,1
655,601,1
656,1111,1
656,89,1
657,1587,1
657,1905,1
657,863,1
657,992,1
657,499,1
658,1263,1
658,534,1
658,206,1
658,1342,1
658,1798,1
658,217,1
658,88,1
659,1549,1
660,480,1
660,210,1
660,1033,1
660,1376,1
660,638,1
661,1609,1
662,1539,1
662,1849,1
662,1343,1
662,1533,1
663,1637,1
663,942,1
663,781,1
663,1141,1
663,1162,1
663,877,1
664,493,1
665,1214,1
665,762,1
665,1033,1
665,613,1
665,749,1
665,918,1
666,1151,1
666,514,1
667,1601,1
668,1063,1
669,1760,1
669,665,1
669,1178,1
669,738,1
669,1739,1
670,1535,1
671,590,1
671,458,1
671,1091,1
671,1304,1
671,1369,1
671,65,1
671,261,1
672,569,1
672,836,1
672,306,1
672,343,1
672,1896,1
673,739,1
673,1355,1
673,969,1
673,1664,1
673,1226,1
674,767,1
674,1077,1
674,1652,1
674,1503,1
674,956,1
675,1746,1
675,399,1
675,1879,1
675,271,1
675,568,1
675,151,1
675,356,1
676,597,1
676,861,1
676,478,1
676,184,1
676,1629,1
676,1954,1
677,510,1
678,1732,1
678,1116,1
678,1445,1
678,1051,1
678,1704,1
678,381,1
678,531,1
679,742,1
679,394,1
679,112,1
679,467,1
679,18,1
679,1385,1
680,1667,1
680,1953,1
680,762,1
681,509,1
681,177,1
681,1634,1
681,973,1
682,1767,1
682,1255,1
682,568,1
682,21,1
682,274,1
682,1088,1
683,1244,1
683,121,1
683,384,1
684,65,1
684,825,1
684,353,1
684,1184,1
684,303,1
685,503,1
685,1167,1
686,891,1
686,785,1
686,962,1
686,24,1
686,850,1
687,1126,1
688,1999,1
688,1699,1
688,795,1
688,430,1
688,1914,1
688,425,1
689,1729,1
689,247,1
690,484,1
690,1456,1
690,1300,1
690,1934,1
690,431,1
690,1991,1
691,1790,1
691,1468,1
691,291,1
691,142,1
691,1594,1
692,1222,1
692,1956,1
693,1380,1
693,789,1
693,1850,1
693,1152,1
694,162,1
694,1012,1
694,285,1
694,576,1
694,1085,1
695,77,1
695,1255,1
695,1766,1
695,359,1
695,172,1
695,1445,1
696,27,1
697,100,1
697,1498,1
697,1032,1
698,208,1
698,1975,1
698,434,1
699,719,1
699,1064,1
699,1237,1
699,426,1
699,2000,1
700,1032,1
700,1675,1
700,1114,1
700,345,1
701,1809,1
701,1656,1
702,1403,1
702,1890,1
703,511,1
703,998,1
703,140,1
703,470,1
703,1364,1
703,460,1
704,453,1
704,1061,1
704,1288,1
704,357,1
704,1485,1
704,492,1
705,1487,1
705,1850,1
705,804,1
705,1015,1
706,1073,1
706,1021,1
706,1062,1
706,758,1
706,21,1
707,997,1
707,1634,1
707,150,1
708,1666,1
709,1190,1
709,1867,1
709,1847,1
709,83,1
709,1148,1
709,1269,1
709,1680,1
710,5,1
710,457,1
710,1141,1
710,88,1
710,974,1
711,525,1
711,1899,1
711,132,1
711,923,1
711,1794,1
712,988,1
712,1522,1
712,886,1
712,1747,1
712,629,1
713,740,1
713,1484,1
713,1890,1
713,1607,1
713,5,1
713,456,1
713,998,1
714,269,1
714,1264,1
714,486,1
714,46,1
714,879,1
714,1913,1
714,1639,1
715,253,1
715,1807,1
715,1730,1
716,229,1
716,1776,1
716,788,1
717,1436,1
718,1320,1
718,631,1
718,1671,1
718,350,1
719,619,1
719,892,1
719,1269,1
720,1019,1
720,1921,1
720,659,1
721,1835,1
721,415,1
721,527,1
721,1656,1
721,1793,1
722,1084,1
722,1530,1
722,406,1
723,295,1
723,643,1
723,214,1
723,1191,1
723,79,1
723,1142,1
724,532,1
724,1948,1
724,1697,1
724,1801,1
724,1665,1
724,400,1
725,576,1
725,1864,1
725,11,1
725,874,1
725,476,1
726,1184,1
726,386,1
726,980,1
726,37,1
727,292,1
728,233,1
729,1425,1
729,1032,1
730,1399,1
730,932,1
730,924,1
731,1073,1
731,1088,1
731,571,1
732,1733,1
732,1947,1
732,1447,1
732,1856,1
733,925,1
733,899,1
734,1148,1
734,1910,1
734,235,1
734,288,1
734,1076,1
735,1971,1
735,506,1
735,880,1
735,1820,1
736,1171,1
736,723,1
736,1311,1
736,793,1
736,814,1
736,1606,1
736,313,1
737,1773,1
737,980,1
737,9,1
737,665,1
738,120,1
738,615,1
738,1531,1
738,729,1
739,182,1
740,1124,1
740,1064,1
741,1458,1
741,688,1
741,1527,1
742,527,1
742,1682,1
742,426,1
742,1890,1
742,1411,1
743,1141,1
743,592,1
743,1472,1
743,1058,1
743,365,1
743,1237,1
744,586,1
744,1095,1
744,1141,1
744,1317,1
744,1889,1
744,713,1
745,423,1
745,164,1
745,419,1
745,1523,1
745,1769,1
746,1431,1
746,1484,1
746,209,1
746,1496,1
746,572,1
746,311,1
746,896,1
747,79,1
747,1379,1
747,57,1
748,8,1
748,1527,1
748,768,1
748,1332,1
749,296,1
749,579,1
750,358,1
750,1697,1
750,27,1
750,573,1
751,638,1
751,274,1
751,135,1
751,70,1
751,295,1
751,1091,1
752,843,1
753,505,1
753,1992,1
753,351,1
753,1299,1
753,1404,1
753,616,1
754,1077,1
754,238,1
754,1109,1
754,1007,1
754,1650,1
755,1467,1
755,1707,1
755,1895,1
755,984,1
755,125,1
756,44,1
756,1358,1
756,1102,1
756,812,1
756,1528,1
756,1824,1
756,1788,1
757,1410,1
757,1127,1
757,1665,1
757,1710,1
757,408,1
757,950,1
758,144,1
758,1731,1
758,1496,1
758,1003,1
759,1395,1
759,1566,1
759,1965,1
759,1610,1
759,984,1
759,1190,1
760,1913,1
761,801,1
762,1216,1
762,1622,1
763,648,1
763,853,1
763,1257,1
763,732,1
763,786,1
763,1048,1
763,297,1
764,1061,1
764,1743,1
765,1424,1
765,1401,1
765,1200,1
766,957,1
766,1602,1
766,1965,1
767,88,1
768,943,1
768,1981,1
768,362,1
769,853,1
769,879,1
769,645,1
770,1480,1
770,143,1
770,1874,1
771,228,1
771,1352,1
771,1479,1
771,216,1
772,744,1
772,222,1
772,250,1
772,759,1
772,1726,1
772,1666,1
772,391,1
773,1225,1
773,976,1
773,1214,1
773,191,1
773,1192,1
773,192,1
773,1696,1
774,1786,1
774,1489,1
774,1018,1
774,544,1
774,1627,1
774,913,1
775,97,1
775,1033,1
775,1884,1
775,118,1
776,229,1
776,581,1
776,1754,1
776,50,1
776,398,1
776,1183,1
776,446,1
777,1730,1
778,793,1
778,1984,1
778,289,1
778,286,1
778,1874,1
778,1764,1
778,524,1
779,90,1
779,670,1
779,1661,1
779,780,1
780,1178,1
780,642,1
780,1944,1
780,567,1
780,1465,1
780,840,1
780,227,1
781,1890,1
781,809,1
781,1223,1
781,625,1
781,896,1
782,286,1
782,751,1
783,1359,1
783,670,1
783,71,1
784,1061,1
784,1147,1
785,1020,1
785,1341,1
785,1767,1
785,1881,1
785,1497,1
786,18,1
786,1274,1
786,365,1
786,1703,1
786,1319,1
786,811,1
786,460,1
787,550,1
787,1074,1
787,1031,1
787,1973,1
788,1142,1
789,1849,1
789,1545,1
789,628,1
789,246,1
789,1840,1
789,1461,1
789,1983,1
790,1463,1
790,675,1
791,784,1
792,170,1
793,1611,1
793,401,1
793,953,1
793,1131,1
794,175,1
795,1276,1
795,459,1
795,537,1
795,321,1
796,1478,1
796,895,1
796,1049,1
796,179,1
796,737,1
797,1350,1
797,557,1
797,220,1
797,1273,1
797,1795,1
797,1904,1
798,1832,1
798,1940,1
798,673,1
798,1380,1
798,400,1
798,1576,1
799,606,1
799,40,1
799,1996,1
800,1467,1
801,1526,1
801,543,1
801,1556,1
801,1539,1
801,654,1
801,739,1
802,34,1
802,1001,1
802,977,1
802,1657,1
802,1222,1
802,588,1
802,1854,1
803,622,1
803,1364,1
803,42,1
803,1393,1
804,632,1
804,1040,1
804,1518,1
805,873,1
805,1495,1
806,1221,1
806,1704,1
806,416,1
806,1660,1
806,1517,1
807,1965,1
807,388,1
807,88,1
807,1188,1
807,644,1
807,1989,1
808,1961,1
808,282,1
808,248,1
808,1196,1
808,1392,1
808,255,1
809,829,1
809,1394,1
809,1318,1
809,246,1
809,499,1
809,31,1
810,1767,1
811,1024,1
811,1441,1
812,836,1
812,620,1
812,1285,1
812,650,1
813,1525,1
813,1413,1
813,1312,1
814,762,1
815,1542,1
815,530,1
815,1546,1
815,1324,1
815,403,1
815,1263,1
816,502,1
816,1451,1
817,31,1
817,228,1
817,300,1
817,220,1
817,343,1
818,1871,1
819,1217,1
819,1408,1
819,855,1
819,398,1
819,213,1
820,1091,1
820,1791,1
820,1155,1
821,57,1
821,867,1
821,1218,1
822,423,1
822,602,1
822,1512,1
822,456,1
822,1007,1
822,1951,1
823,581,1
823,1387,1
823,1804,1
823,703,1
823,457,1
823,1462,1
823,1168,1
824,1726,1
824,583,1
824,70,1
824,618,1
824,856,1
825,1346,1
825,1467,1
825,542,1
825,241,1
825,135,1
825,1028,1
825,579,1
826,954,1
826,242,1
826,1171,1
827,1322,1
827,914,1
827,1734,1
827,1551,1
827,321,1
827,1669,1
827,1562,1
828,1362,1
828,1747,1
828,1812,1
828,630,1
828,1588,1
829,1623,1
829,630,1
829,1934,1
829,752,1
829,72,1
829,161,1
830,1324,1
830,893,1
830,1154,1
830,1291,1
831,1223,1
831,84,1
831,1796,1
831,1402,1
831,1028,1
831,561,1
832,1077,1
832,985,1
832,529,1
832,525,1
832,886,1
833,1560,1
834,1789,1
834,1429,1
834,1285,1
834,1121,1
835,491,1
835,412,1
836,1294,1
837,1021,1
837,1186,1
837,745,1
837,400,1
837,877,1
837,1899,1
838,236,1
838,259,1
838,146,1
838,126,1
838,1352,1
838,1203,1
838,1644,1
839,382,1
839,1597,1
839,317,1
839,855,1
839,960,1
840,752,1
840,1370,1
841,307,1
841,751,1
841,950,1
842,1221,1
842,231,1
842,1980,1
843,1005,1
843,1080,1
843,1394,1
843,325,1
843,1996,1
844,646,1
844,404,1
844,1730,1
844,522,1
844,244,1
845,1549,1
846,333,1
846,1497,1
846,266,1
846,1511,1
846,1594,1
846,18,1
847,719,1
847,318,1
847,1000,1
848,1907,1
848,1141,1
849,1150,1
849,143,1
849,2000,1
849,1102,1
849,677,1
849,1030,1
849,721,1
850,785,1
850,364,1
850,1850,1
851,1333,1
851,120,1
851,1253,1
851,1692,1
851,993,1
851,1735,1
852,363,1
852,1772,1
852,284,1
852,59,1
852,1138,1
852,1998,1
852,1923,1
853,920,1
853,285,1
853,335,1
854,308,1
854,85,1
854,577,1
855,1443,1
855,1373,1
855,1949,1
855,1195,1
855,1282,1
856,1328,1
856,1191,1
857,595,1
857,784,1
857,407,1
857,750,1
857,717,1
857,655,1
858,960,1
858,163,1
858,1001,1
859,361,1
859,1106,1
859,469,1
859,243,1
860,789,1
860,1796,1
860,455,1
860,631,1
860,922,1
860,1605,1
861,1306,1
862,1986,1
862,1918,1
862,295,1
863,898,1
863,82,1
864,411,1
865,633,1
865,1027,1
865,1765,1
865,461,1
865,979,1
865,90,1
866,1189,1
866,1872,1
866,1641,1
866,1208,1
866,1233,1
867,1989,1
867,222,1
867,356,1
867,728,1
867,1784,1
868,180,1
868,457,1
868,376,1
868,1595,1
868,1545,1
868,70,1
869,1218,1
870,1064,1
870,1119,1
871,1566,1
872,1723,1
872,849,1
872,1575,1
872,1336,1
872,1357,1
872,1848,1
873,629,1
873,686,1
873,1617,1
873,872,1
873,1731,1
873,1453,1
873,1565,1
874,842,1
874,1367,1
874,729,1
874,1365,1
875,1548,1
875,1745,1
875,518,1
875,361,1
876,1380,1
876,1662,1
876,897,1
876,851,1
876,404,1
876,979,1
876,849,1
877,204,1
877,1166,1
877,393,1
877,1842,1
878,1921,1
878,370,1
878,620,1
878,480,1
878,1123,1
879,1624,1
879,1844,1
879,159,1
879,549,1
880,252,1
880,841,1
880,450,1
880,619,1
881,1571,1
881,970,1
881,1536,1
881,1924,1
881,163,1
882,183,1
882,310,1
882,78,1
882,926,1
882,823,1
883,1454,1
884,435,1
884,1775,1
884,1684,1
884,1511,1
884,627,1
885,87,1
885,936,1
885,1802,1
885,1250,1
885,1297,1
885,1624,1
885,1708,1
886,542,1
886,740,1
886,536,1
886,528,1
886,1113,1
887,1294,1
888,550,1
888,562,1
888,1498,1
889,744,1
889,592,1
889,893,1
890,1197,1
890,1027,1
890,1056,1
890,251,1
891,1968,1
891,555,1
891,1855,1
891,1260,1
892,255,1
892,1399,1
892,565,1
892,521,1
892,1704,1
893,568,1
893,1782,1
893,1830,1
893,1768,1
893,959,1
894,367,1
895,1870,1
896,522,1
896,569,1
896,118,1
897,1498,1
897,1967,1
898,590,1
899,133,1
899,648,1
900,1810,1
900,1241,1
900,30,1
900,77,1
900,1769,1
900,16,1
900,939,1
901,1661,1
901,141,1
901,1585,1
901,1697,1
901,1259,1
902,598,1
903,918,1
903,973,1
903,546,1
904,356,1
904,1958,1
904,503,1
904,1538,1
904,642,1
905,751,1
905,112,1
905,1455,1
905,79,1
905,1003,1
906,1002,1
906,454,1
906,292,1
906,14,1
906,1513,1
907,1842,1
907,1736,1
907,975,1
907,320,1
908,1267,1
909,1333,1
909,1955,1
909,1246,1
909,26,1
909,1736,1
909,701,1
909,716,1
910,1525,1
910,1084,1
910,606,1
910,303,1
910,951,1
911,261,1
911,942,1
911,1069,1
911,704,1
911,491,1
911,1291,1
912,622,1
912,1102,1
912,708,1
913,1611,1
913,1175,1
913,14,1
913,633,1
913,450,1
913,1784,1
914,1249,1
914,629,1
914,585,1
914,1853,1
914,1031,1
914,619,1
914,645,1
915,713,1
916,1615,1
916,538,1
917,384,1
917,92,1
917,225,1
917,1831,1
918,1857,1
918,1145,1
918,683,1
918,427,1
918,1693,1
918,1846,1
919,1185,1
919,1959,1
919,978,1
919,1021,1
919,1201,1
919,1302,1
920,1916,1
920,307,1
920,271,1
920,1440,1
920,961,1
920,404,1
921,1593,1
921,1889,1
922,835,1
922,1037,1
922,1926,1
922,1100,1
922,1180,1
922,1269,1
922,1227,1
923,147,1
923,713,1
923,1921,1
923,950,1
924,311,1
924,233,1
925,1871,1
925,583,1
925,752,1
925,461,1
925,198,1
925,1176,1
925,958,1
926,1802,1
926,391,1
926,1930,1
926,264,1
926,2,1
927,500,1
927,1000,1
927,1893,1
927,1288,1
927,1904,1
927,1029,1
927,1761,1
928,282,1
928,450,1
929,1971,1
929,453,1
929,550,1
929,1209,1
929,1601,1
930,1247,1
930,290,1
930,1982,1
931,458,1
931,913,1
932,269,1
932,837,1
932,115,1
932,1959,1
932,881,1
933,304,1
933,1564,1
933,939,1
933,821,1
934,734,1
934,1200,1
934,1061,1
934,1906,1
935,1621,1
935,1795,1
936,773,1
936,1995,1
936,1601,1
936,972,1
936,924,1
937,1161,1
938,195,1
938,1033,1
938,1555,1
939,827,1
939,630,1
939,1028,1
939,855,1
940,1359,1
940,1983,1
940,271,1
940,444,1
941,660,1
941,624,1
941,1168,1
941,294,1
941,634,1
942,1302,1
942,257,1
942,1629,1
942,1973,1
942,1271,1
943,76,1
943,334,1
943,1295,1
943,607,1
943,1970,1
944,417,1
945,887,1
945,134,1
945,254,1
945,89,1
946,22,1
946,801,1
946,947,1
946,648,1
946,651,1
946,256,1
946,334,1
947,1747,1
947,147,1
948,822,1
948,626,1
948,1968,1
948,114,1
948,1927,1
948,1000,1
949,1488,1
950,279,1
950,1898,1
951,476,1
951,204,1
951,1146,1
951,1717,1
951,759,1
952,1029,1
952,1262,1
952,550,1
952,659,1
952,1922,1
952,682,1
953,1340,1
953,133,1
953,1310,1
953,556,1
953,1784,1
953,12,1
954,816,1
954,323,1
954,461,1
954,412,1
955,832,1
955,1128,1
955,1521,1
955,1919,1
955,1212,1
955,1866,1
955,1465,1
956,565,1
956,1277,1
956,474,1
956,538,1
956,1324,1
956,157,1
957,1470,1
957,688,1
957,105,1
958,993,1
958,1726,1
958,1388,1
958,930,1
958,658,1
958,1852,1
959,176,1
959,1828,1
959,987,1
959,234,1
959,1139,1
960,235,1
960,441,1
960,756,1
960,124,1
960,470,1
960,310,1
960,146,1
961,1843,1
961,1767,1
961,414,1
961,1613,1
961,1984,1
961,544,1
961,1042,1
962,647,1
962,1717,1
962,325,1
962,281,1
962,977,1
962,1804,1
963,1724,1
963,1332,1
964,704,1
964,1922,1
964,1959,1
964,1849,1
964,1006,1
965,252,1
966,1569,1
966,1725,1
967,681,1
968,436,1
969,326,1
970,1196,1
970,283,1
970,1034,1
970,115,1
970,280,1
970,1498,1
971,295,1
971,286,1
971,1938,1
971,425,1
971,637,1
971,1101,1
972,1141,1
972,482,1
972,398,1
972,1173,1
972,877,1
972,72,1
972,1138,1
973,336,1
973,164,1
973,1680,1
973,30,1
974,1194,1
974,1520,1
974,569,1
974,334,1
975,879,1
975,1506,1
976,1052,1
976,1686,1
976,302,1
976,623,1
976,131,1
976,567,1
977,1527,1
977,65,1
977,303,1
977,1095,1
977,1394,1
977,1921,1
978,1315,1
978,840,1
978,171,1
978,1835,1
978,937,1
978,1304,1
978,1914,1
979,211,1
979,614,1
979,206,1
979,931,1
979,1410,1
980,572,1
980,1864,1
980,175,1
981,584,1
981,825,1
981,771,1
982,940,1
982,444,1
982,110,1
982,36,1
982,1790,1
983,1324,1
983,1764,1
983,183,1
983,749,1
983,1733,1
983,1694,1
984,1985,1
985,636,1
985,1016,1
985,641,1
985,364,1
985,1529,1
985,688,1
985,1030,1
986,1190,1
986,1192,1
986,996,1
986,639,1
986,1527,1
986,1114,1
987,771,1
987,1533,1
987,1690,1
987,1042,1
988,1796,1
988,1755,1
988,1482,1
988,583,1
989,653,1
989,238,1
989,1594,1
990,836,1
990,1792,1
990,318,1
990,807,1
990,1174,1
990,528,1
990,875,1
991,1500,1
991,1035,1
991,958,1
992,686,1
992,1987,1
992,249,1
992,1130,1
992,1829,1
992,1297,1
992,341,1
993,827,1
993,286,1
994,1441,1
994,561,1
995,1853,1
995,1133,1
995,1458,1
995,334,1
995,1059,1
995,1232,1
996,1682,1
996,1459,1
996,931,1
996,183,1
996,1120,1
997,10,1
998,1660,1
998,486,1
998,1413,1
998,356,1
998,952,1
998,1672,1
999,1918,1
999,1244,1
999,20,1
999,1807,1
999,475,1
999,1141,1
999,841,1
1000,1879,1
1000,618,1
1000,357,1
1000,1239,1
1000,1826,1
1001,127,1
1001,1899,1
1001,1545,1
1001,318,1
1001,122,1
1002,1135,1
1002,515,1
1003,535,1
1003,618,1
1003,1726,1
1003,945,1
1003,1574,1
1004,1879,1
1004,144,1
1004,66,1
1004,989,1
1004,112,1
1005,1411,1
1005,1151,1
1005,1319,1
1005,1574,1
1005,637,1
1005,890,1
1006,1052,1
1007,1810,1
1007,214,1
1007,203,1
1007,876,1
1007,354,1
1007,325,1
1008,864,1
1009,1617,1
1009,1150,1
1009,1886,1
1009,2,1
1009,151,1
1010,746,1
1010,691,1
1010,846,1
1011,876,1
1012,1651,1
1012,530,1
1013,1827,1
1013,1727,1
1013,1670,1
1013,729,1
1013,836,1
1014,1772,1
1014,1947,1
1015,451,1
1015,329,1
1015,428,1
1015,1191,1
1015,929,1
1015,1357,1
1015,328,1
1016,1095,1
1016,283,1
1016,1483,1
1017,995,1
1017,1025,1
1017,456,1
1017,1733,1
1017,1227,1
1017,1781,1
1017,854,1
1018,609,1
1018,589,1
1019,1148,1
1019,1945,1
1019,1644,1
1019,137,1
1019,1185,1
1019,404,1
1020,169,1
1020,1638,1
1021,1926,1
1021,1204,1
1021,434,1
1021,426,1
1021,1557,1
1021,1319,1
1021,1962,1
1022,1658,1
1022,42,1
1022,613,1
1022,1438,1
1022,1700,1
1022,592,1
1023,255,1
1023,496,1
1024,375,1
1025,238,1
1025,1660,1
1025,73,1
1025,1460,1
1025,1715,1
1026,359,1
1026,341,1
1026,1431,1
1027,604,1
1027,820,1
1027,109,1
1027,120,1
1027,1207,1
1027,589,1
1027,1368,1
1028,1792,1
1029,1584,1
1029,783,1
1029,1288,1
1029,659,1
1029,528,1
1030,321,1
1030,1408,1
1030,399,1
1030,778,1
1031,295,1
1031,750,1
1031,1071,1
1031,818,1
1032,883,1
1032,744,1
1032,1484,1
1033,1978,1
1034,25,1
1034,138,1
1034,1843,1
1034,568,1
1035,1451,1
1035,1349,1
1035,216,1
1035,393,1
1036,431,1
1036,1771,1
1036,453,1
1036,794,1
1036,856,1
1037,1584,1
1037,1407,1
1037,1003,1
1037,1706,1
1037,678,1
1037,20,1
1037,1278,1
1038,1925,1
1039,299,1
1039,325,1
1039,877,1
1039,1046,1
1039,27,1
1040,952,1
1040,1600,1
1040,1363,1
1040,636,1
1040,282,1
1040,98,1
1040,577,1
1041,1408,1
1041,466,1
1041,1131,1
1041,583,1
1042,1144,1
1042,1282,1
1042,540,1
1042,217,1
1042,1184,1
1042,1551,1
1043,1426,1
1044,1978,1
1044,528,1
1044,537,1
1044,1842,1
1044,1617,1
1044,622,1
1044,796,1
1045,461,1
1045,1518,1
1045,1061,1
1045,387,1
1046,485,1
1046,944,1
1046,1087,1
1046,244,1
1046,1186,1
1046,1729,1
1046,1440,1
1047,925,1
1047,1550,1
1047,1351,1
1047,1467,1
1047,201,1
1047,478,1
1048,939,1
1048,1203,1
1048,646,1
1048,631,1
1048,1551,1
1048,882,1
1049,993,1
1049,401,1
1050,432,1
1050,1110,1
1050,1242,1
1050,1478,1
1050,1853,1
1051,384,1
1051,16,1
1052,1401,1
1052,1747,1
1052,1748,1
1052,1568,1
1052,621,1
1052,488,1
1053,179,1
1053,1447,1
1053,1738,1
1054,1967,1
1054,654,1
1055,1473,1
1055,1528,1
1055,318,1
1056,1608,1
1056,1446,1
1056,1771,1
1056,345,1
1056,1468,1
1057,767,1
1057,1114,1
1057,1866,1
1057,1914,1
1057,804,1
1057,808,1
1057,570,1
1058,753,1
1058,1117,1
1058,1979,1
1058,30,1
1058,829,1
1058,1684,1
1059,526,1
1059,1550,1
1059,831,1
1060,1118,1
1061,1686,1
1061,681,1
1061,232,1
1062,1381,1
1063,514,1
1064,839,1
1064,370,1
1064,652,1
1064,327,1
1065,1198,1
1065,1493,1
1065,1206,1
1065,1338,1
1066,818,1
1066,1266,1
1066,1806,1
1067,383,1
1067,321,1
1067,1578,1
1067,1930,1
1067,274,1
1067,1900,1
1067,951,1
1068,1273,1
1068,401,1
1068,1383,1
1068,437,1
1068,251,1
1068,1088,1
1069,1830,1
1070,1516,1
1070,682,1
1070,839,1
1070,438,1
1070,181,1
1070,462,1
1070,1026,1
1071,46,1
1071,1938,1
1071,374,1
1072,169,1
1072,1817,1
1072,1098,1
1072,925,1
1072,306,1
1072,1885,1
1072,1670,1
1073,492,1
1073,1328,1
1073,823,1
1073,790,1
1074,819,1
1074,1772,1
1074,65,1
1074,287,1
1074,1627,1
1074,1484,1
1074,301,1
1075,620,1
1075,1094,1
1075,1071,1
1076,647,1
1076,806,1
1076,1788,1
1076,772,1
1076,2,1
1076,1162,1
1077,1405,1
1077,1549,1
1077,1371,1
1077,301,1
1077,956,1
1077,349,1
1077,290,1
1078,1965,1
1078,1529,1
1078,993,1
1078,1803,1
1078,1078,1
1078,1871,1
1079,1825,1
1080,1276,1
1081,1258,1
1081,322,1
1081,1191,1
1082,1443,1
1082,30,1
1082,568,1
1082,207,1
1082,1565,1
1082,1739,1
1083,1790,1
1083,914,1
1083,959,1
1083,1268,1
1083,943,1
1083,345,1
1084,1117,1
1084,588,1
1085,1609,1
1085,607,1
1085,1774,1
1085,1049,1
1085,327,1
1085,1114,1
1086,1458,1
1086,1562,1
1086,682,1
1086,10,1
1086,1482,1
1086,1364,1
1087,1163,1
1088,261,1
1088,327,1
1088,127,1
1088,1790,1
1088,178,1
1088,1121,1
1089,1106,1
1089,541,1
1089,1509,1
1089,1457,1
1089,1774,1
1090,31,1
1090,1109,1
1090,288,1
1090,1209,1
1090,1600,1
1090,198,1
1090,1270,1
1091,1142,1
1091,1086,1
1091,1281,1
1091,10,1
1091,29,1
1091,1953,1
1092,230,1
1092,140,1
1093,886,1
1093,1313,1
1093,80,1
1093,1554,1
1093,1888,1
1094,626,1
1094,817,1
1094,1285,1
1094,382,1
1094,222,1
1094,1328,1
1094,91,1
1095,384,1
1095,590,1
1095,1017,1
1095,1391,1
1096,446,1
1096,973,1
1096,1962,1
1096,1127,1
1096,1744,1
1096,632,1
1096,642,1
1097,1047,1
1097,851,1
1097,1819,1
1097,561,1
1097,625,1
1098,652,1
1098,323,1
1098,1131,1
1098,574,1
1098,783,1
1099,1592,1
1099,1577,1
1099,901,1
1099,1061,1
1099,887,1
1099,1992,1
1100,768,1
1100,1136,1
1101,1074,1
1102,1069,1
1102,852,1
1102,997,1
1103,1313,1
1104,586,1
1104,247,1
1104,262,1
1104,1460,1
1105,339,1
1105,9,1
1106,1353,1
1106,191,1
1106,1006,1
1106,371,1
1107,894,1
1107,414,1
1107,1757,1
1108,1569,1
1108,273,1
1108,293,1
1108,1507,1
1108,1960,1
1108,1944,1
1108,641,1
1109,1739,1
1109,1393,1
1109,1133,1
1109,1461,1
1110,1794,1
1110,239,1
1110,398,1
1110,600,1
1111,1480,1
1112,346,1
1112,549,1
1112,1814,1
1113,1749,1
1113,1502,1
1114,68,1
1114,1403,1
1114,1975,1
1114,1852,1
1114,1640,1
1114,1429,1
1115,1846,1
1115,525,1
1115,1625,1
1115,1094,1
1115,1915,1
1115,983,1
1116,1458,1
1116,17,1
1116,121,1
1116,1760,1
1116,1992,1
1117,1365,1
1117,237,1
1117,1870,1
1117,1238,1
1118,311,1
1119,76,1
1119,764,1
1119,1293,1
1119,61,1
1119,143,1
1119,228,1
1119,911,1
1120,939,1
1120,1736,1
1120,92,1
1120,1,1
1120,1336,1
1120,1249,1
1120,1099,1
1121,1491,1
1121,897,1
1121,1135,1
1121,202,1
1121,1473,1
1121,1566,1
1122,1656,1
1123,1975,1
1123,174,1
1124,1607,1
1124,241,1
1124,1658,1
1124,546,1
1124,1086,1
1124,198,1
1124,1973,1
1125,1113,1
1125,789,1
1125,1031,1
1126,1560,1
1126,739,1
1126,1456,1
1126,379,1
1126,1929,1
1126,916,1
1126,1169,1
1127,1412,1
1127,912,1
1127,313,1
1127,792,1
1128,905,1
1128,373,1
1129,1228,1
1129,797,1
1129,266,1
1130,797,1
1130,464,1
1130,1583,1
1130,207,1
1130,1549,1
1130,555,1
1131,1922,1
1131,1829,1
1131,1155,1
1131,375,1
1132,775,1
1132,1986,1
1132,661,1
1132,311,1
1133,1042,1
1133,723,1
1133,1450,1
1133,490,1
1133,357,1
1133,1155,1
1134,553,1
1134,1073,1
1134,1288,1
1134,1471,1
1135,1394,1
1135,1705,1
1136,883,1
1136,1287,1
1136,1602,1
1137,1708,1
1137,190,1
1137,722,1
1137,102,1
1137,89,1
1137,1426,1
1138,1813,1
1138,544,1
1139,1176,1
1139,1692,1
1139,1888,1
1139,980,1
1139,1301,1
1140,930,1
1140,672,1
1140,1727,1
1140,371,1
1140,1004,1
1141,1272,1
1141,1134,1
1141,38,1
1141,809,1
1142,1940,1
1142,1151,1
1142,1234,1
1142,1538,1
1143,972,1
1143,1072,1
1143,570,1
1143,1542,1
1144,563,1
1144,1230,1
1144,767,1
1145,178,1
1145,228,1
1145,812,1
1145,227,1
1145,802,1
1146,33,1
1146,1627,1
1146,1337,1
1147,1137,1
1147,1811,1
1147,1241,1
1148,943,1
1148,1321,1
1148,639,1
1148,887,1
1149,1566,1
1149,314,1
1149,120,1
1149,1088,1
1150,347,1
1150,1413,1
1150,384,1
1150,428,1
1150,1405,1
1150,857,1
1151,353,1
1151,1657,1
1151,853,1
1151,1679,1
1151,885,1
1152,402,1
1152,778,1
1152,892,1
1152,1474,1
1153,286,1
1153,479,1
1153,1640,1
1154,1303,1
1154,133,1
1155,103,1
1155,1373,1
1155,92,1
1155,730,1
1155,1942,1
1155,846,1
1156,1860,1
1156,927,1
1156,1856,1
1156,1185,1
1156,490,1
1156,740,1
1156,1804,1
1157,1092,1
1157,942,1
1157,1690,1
1157,1095,1
1157,1484,1
1157,425,1
1157,1963,1
1158,1196,1
1158,1279,1
1159,249,1
1159,347,1
1159,823,1
1159,64,1
1159,1097,1
1159,582,1
1159,936,1
1160,1799,1
1160,602,1
1160,698,1
1160,237,1
1161,1751,1
1161,1980,1
1161,1440,1
1161,1044,1
1161,1215,1
1162,1234,1
1162,467,1
1163,1365,1
1163,1783,1
1163,1281,1
1164,182,1
1164,355,1
1164,1015,1
1164,1861,1
1164,618,1
1165,1178,1
1165,1018,1
1165,1896,1
1165,1282,1
1165,426,1
1165,1120,1
1165,1612,1
1166,1157,1
1166,920,1
1166,1580,1
1167,45,1
1167,1422,1
1167,378,1
1167,586,1
1167,1076,1
1167,1898,1
1168,1508,1
1168,1493,1
1168,112,1
1168,1698,1
1169,1197,1
1170,1605,1
1171,1285,1
1171,1569,1
1171,694,1
1171,455,1
1171,1616,1
1171,1803,1
1172,631,1
1172,453,1
1172,1399,1
1172,1587,1
1172,1329,1
1172,333,1
1172,1618,1
1173,587,1
1173,1683,1
1173,1444,1
1173,860,1
1173,1922,1
1174,1012,1
1174,1705,1
1174,1573,1
1175,1995,1
1176,1111,1
1176,239,1
1176,581,1
1176,1389,1
1176,1326,1
1176,648,1
1177,940,1
1177,748,1
1177,350,1
1178,1482,1
1178,512,1
1179,1059,1
1179,186,1
1180,1118,1
1180,1414,1
1180,1773,1
1180,477,1
1180,431,1
1180,992,1
1181,277,1
1181,1813,1
1182,1662,1
1182,386,1
1182,1591,1
1182,877,1
1182,578,1
1182,917,1
1182,368,1
1183,696,1
1183,1468,1
1184,55,1
1185,1998,1
1185,947,1
1185,1691,1
1185,1275,1
1186,1565,1
1186,1614,1
1186,1475,1
1186,446,1
1186,1666,1
1186,392,1
1187,357,1
1187,585,1
1187,1,1
1187,341,1
1187,1563,1
1187,1532,1
1188,1639,1
1188,1419,1
1188,1987,1
1188,175,1
1188,1574,1
1188,381,1
1189,896,1
1189,1258,1
1190,1300,1
1190,39,1
1190,1106,1
1190,865,1
1190,1942,1
1190,1969,1
1191,52,1
1191,1666,1
1191,241,1
1191,1000,1
1191,1957,1
1192,204,1
1192,1888,1
1192,814,1
1192,846,1
1192,1260,1
1193,644,1
1193,859,1
1194,1387,1
1194,237,1
1195,845,1
1196,1407,1
1196,434,1
1196,1934,1
1196,1981,1
1196,1786,1
1197,1891,1
1198,832,1
1198,1037,1
1198,1646,1
1198,1919,1
1198,1487,1
1198,1702,1
1199,922,1
1200,374,1
1200,1898,1
1201,877,1
1201,709,1
1201,552,1
1201,1927,1
1201,1063,1
1202,1478,1
1202,172,1
1202,1357,1
1202,218,1
1202,1950,1
1202,119,1
1202,487,1
1203,981,1
1204,105,1
1204,133,1
1204,1540,1
1204,1199,1
1204,650,1
1205,379,1
1205,1309,1
1205,237,1
1205,1306,1
1206,396,1
1206,534,1
1206,1125,1
1206,1377,1
1207,493,1
1207,9,1
1208,1244,1
1208,1179,1
1208,563,1
1208,366,1
1209,1688,1
1210,241,1
1210,78,1
1210,1997,1
1210,101,1
1210,318,1
1210,20,1
1210,1099,1
1211,624,1
1212,633,1
1212,1605,1
1212,645,1
1212,308,1
1212,1716,1
1212,437,1
1212,1327,1
1213,1028,1
1213,1848,1
1213,1163,1
1213,416,1
1213,1036,1
1213,956,1
1213,977,1
1214,1749,1
1214,1590,1
1214,1187,1
1214,550,1
1214,1211,1
1214,510,1
1214,181,1
1215,252,1
1215,689,1
1215,1892,1
1215,1476,1
1215,1239,1
1215,1493,1
1215,1201,1
1216,47,1
1216,1096,1
1216,1516,1
1216,1163,1
1217,1646,1
1218,945,1
1218,319,1
1218,1221,1
1218,522,1
1218,1396,1
1218,23,1
1218,1021,1
1219,1237,1
1219,1,1
1219,121,1
1219,797,1
1219,1943,1
1219,595,1
1219,1935,1
1220,1611,1
1220,653,1
1220,316,1
1220,123,1
1220,1575,1
1220,1018,1
1221,1766,1
1221,704,1
1221,761,1
1221,1687,1
1221,1084,1
1221,1630,1
1221,652,1
1222,911,1
1222,184,1
1222,180,1
1222,45,1
1222,1410,1
1222,1390,1
1222,1146,1
1223,1957,1
1223,590,1
1224,1245,1
1224,1139,1
1224,205,1
1224,827,1
1225,784,1
1225,19,1
1225,1326,1
1225,1332,1
1226,1272,1
1226,1745,1
1226,523,1
1226,1362,1
1226,1873,1
1226,107,1
1226,1171,1
1227,1143,1
1227,902,1
1228,1499,1
1228,123,1
1228,1744,1
1228,1212,1
1229,653,1
1230,780,1
1230,1371,1
1230,1754,1
1230,1660,1
1231,1184,1
1231,1259,1
1231,389,1
1231,1708,1
1231,1631,1
1231,1043,1
1231,1559,1
1232,445,1
1232,1972,1
1232,1787,1
1232,1630,1
1232,640,1
1232,1923,1
1232,1292,1
1233,438,1
1233,990,1
1233,1700,1
1234,1725,1
1234,28,1
1234,157,1
1234,697,1
1234,1651,1
1234,1812,1
1234,1166,1
1235,1263,1
1235,1656,1
1235,1548,1
1235,269,1
1236,1978,1
1236,263,1
1236,729,1
1236,717,1
1236,1495,1
1236,1414,1
1237,11,1
1237,30,1
1237,1345,1
1237,1231,1
1238,1855,1
1238,564,1
1238,123,1
1238,1209,1
1238,878,1
1238,92,1
1238,972,1
1239,1817,1
1239,1688,1
1239,1351,1
1239,1593,1
1240,1066,1
1240,52,1
1240,1499,1
1240,1516,1
1241,373,1
1242,1156,1
1243,1622,1
1243,257,1
1243,1954,1
1243,1340,1
1243,1128,1
1243,797,1
1243,872,1
1244,81,1
1245,296,1
1245,286,1
1245,161,1
1245,596,1
1245,761,1
1245,443,1
1246,1210,1
1246,587,1
1246,1693,1
1246,1324,1
1246,38,1
1246,568,1
1246,1159,1
1247,1740,1
1247,967,1
1247,146,1
1247,502,1
1247,57,1
1247,58,1
1247,266,1
1248,1416,1
1248,1851,1
1248,1577,1
1248,821,1
1248,1451,1
1248,1318,1
1249,354,1
1249,633,1
1249,845,1
1249,1765,1
1249,514,1
1249,1901,1
1249,1579,1
1250,251,1
1251,537,1
1251,1569,1
1251,1249,1
1251,737,1
1251,24,1
1252,13,1
1253,1671,1
1253,504,1
1253,448,1
1253,278,1
1253,34,1
1254,1079,1
1255,391,1
1255,1704,1
1255,899,1
1255,342,1
1256,1312,1
1257,1984,1
1258,1236,1
1258,1645,1
1258,1694,1
1258,13,1
1258,408,1
1258,1282,1
1259,365,1
1259,1382,1
1259,863,1
1259,364,1
1259,1902,1
1260,855,1
1261,985,1
1262,163,1
1262,766,1
1262,1423,1
1262,1593,1
1262,1392,1
1262,1363,1
1263,528,1
1263,1445,1
1264,774,1
1264,1109,1
1264,738,1
1264,1364,1
1265,1166,1
1265,1862,1
1265,1004,1
1265,1684,1
1265,742,1
1265,696,1
1265,651,1
1266,1303,1
1267,1868,1
1267,421,1
1267,1041,1
1267,1588,1
1267,473,1
1267,1236,1
1267,810,1
1268,670,1
1269,1568,1
1269,258,1
1270,1847,1
1270,1144,1
1270,1376,1
1271,1365,1
1271,1654,1
1271,1642,1
1271,426,1
1271,99,1
1272,16,1
1272,1929,1
1272,778,1
1272,633,1
1272,308,1
1273,693,1
1273,334,1
1273,1280,1
1273,1789,1
1273,94,1
1273,114,1
1273,1846,1
1274,100,1
1275,520,1
1275,59,1
1275,861,1
1275,986,1
1275,1086,1
1276,680,1
1276,1109,1
1276,700,1
1276,335,1
1277,1138,1
1277,748,1
1278,1627,1
1278,1675,1
1278,1578,1
1279,1911,1
1279,1713,1
1279,580,1
1279,1866,1
1279,1950,1
1279,318,1
1279,1154,1
1280,724,1
1280,763,1
1280,1131,1
1280,1589,1
1280,1552,1
1281,1847,1
1282,1696,1
1282,730,1
1282,228,1
1283,633,1
1283,1453,1
1283,534,1
1284,1166,1
1284,666,1
1284,1071,1
1284,465,1
1284,1124,1
1285,1400,1
1285,664,1
1285,150,1
1285,1430,1
1285,628,1
1286,16,1
1286,1300,1
1286,260,1
1287,1931,1
1287,1784,1
1287,1448,1
1287,1509,1
1287,1177,1
1288,549,1
1289,560,1
1290,1141,1
1290,1471,1
1290,1295,1
1290,574,1
1290,645,1
1291,362,1
1291,1119,1
1292,389,1
1292,865,1
1293,1407,1
1293,1928,1
1293,480,1
1293,232,1
1293,9,1
1294,1342,1
1294,158,1
1294,1977,1
1295,1950,1
1296,463,1
1296,582,1
1296,922,1
1296,1530,1
1297,1185,1
1297,1391,1
1297,1822,1
1297,1970,1
1298,698,1
1298,247,1
1298,378,1
1298,1363,1
1298,825,1
1298,260,1
1299,1163,1
1299,1496,1
1299,1514,1
1300,249,1
1300,87,1
1300,1079,1
1301,891,1
1301,1458,1
1301,1569,1
1301,1966,1
1301,232,1
1302,137,1
1302,508,1
1302,34,1
1302,629,1
1302,1407,1
1302,364,1
1302,611,1
1303,419,1
1304,1475,1
1304,1789,1
1305,90,1
1306,1028,1
1306,722,1
1306,153,1
1307,1963,1
1307,630,1
1307,1407,1
1307,1933,1
1307,176,1
1307,422,1
1307,1842,1
1308,1138,1
1309,1799,1
1309,539,1
1310,303,1
1310,1720,1
1310,1109,1
1310,1552,1
1310,445,1
1311,1422,1
1311,190,1
1311,1424,1
1312,1134,1
1313,1302,1
1313,784,1
1313,369,1
1313,1258,1
1314,559,1
1314,1606,1
1314,618,1
1314,1391,1
1315,1833,1
1315,819,1
1315,763,1
1315,783,1
1315,1904,1
1315,710,1
1315,1124,1
1316,1031,1
1316,1971,1
1317,770,1
1317,1821,1
1317,812,1
1317,255,1
1317,1611,1
1318,950,1
1318,1270,1
1318,1903,1
1318,1966,1
1319,1283,1
1319,1791,1
1319,991,1
1320,1124,1
1320,1201,1
1320,163,1
1320,1054,1
1320,526,1
1320,769,1
1321,609,1
1321,1652,1
1321,238,1
1322,598,1
1322,1927,1
1322,1222,1
1322,1989,1
1323,1024,1
1323,1672,1
1324,1907,1
1325,1869,1
1325,1151,1
1325,676,1
1326,898,1
1326,1629,1
1326,435,1
1326,322,1
1326,655,1
1326,900,1
1327,1090,1
1327,1719,1
1328,1899,1
1328,597,1
1328,1839,1
1328,1074,1
1328,1581,1
1329,1344,1
1329,1695,1
1329,1309,1
1329,262,1
1330,222,1
1330,434,1
1330,1590,1
1330,915,1
1331,954,1
1331,1162,1
1331,115,1
1331,594,1
1331,341,1
1331,735,1
1332,1075,1
1332,1999,1
1332,979,1
1332,749,1
1332,1663,1
1332,1336,1
1332,1977,1
1333,1988,1
1333,425,1
1333,1944,1
1333,1937,1
1333,879,1
1333,735,1
1334,1891,1
1334,208,1
1334,1525,1
1334,1984,1
1334,1351,1
1335,671,1
1335,1725,1
1336,294,1
1337,1575,1
1337,413,1
1337,1080,1
1337,209,1
1338,471,1
1338,135,1
1338,1681,1
1338,574,1
1338,668,1
1338,1489,1
1338,1082,1
1339,1511,1
1339,772,1
1340,75,1
1341,192,1
1341,625,1
1341,150,1
1342,1934,1
1342,771,1
1343,1578,1
1343,1317,1
1343,1380,1
1344,200,1
1345,178,1
1345,1931,1
1345,1778,1
1346,1626,1
1346,1600,1
1346,1290,1
1346,863,1
1347,234,1
1347,1421,1
1347,1490,1
1347,692,1
1347,1227,1
1347,1029,1
1348,965,1
1348,1808,1
1348,1101,1
1348,86,1
1348,885,1
1349,1007,1
1349,1990,1
1349,1155,1
1350,820,1
1350,557,1
1350,863,1
1351,1199,1
1351,160,1
1351,1358,1
1351,151,1
1351,203,1
1351,394,1
1352,535,1
1352,730,1
1353,874,1
1354,1632,1
1355,1579,1
1355,907,1
1355,1278,1
1355,874,1
1356,480,1
1356,1433,1
1357,1809,1
1357,897,1
1357,1091,1
1357,1093,1
1357,1322,1
1357,742,1
1358,1855,1
1358,305,1
1358,387,1
1358,1727,1
1358,1736,1
1359,1048,1
1360,962,1
1361,671,1
1361,967,1
1361,477,1
1361,1225,1
1361,2,1
1361,1940,1
1361,1124,1
1362,1116,1
1362,1058,1
1362,1605,1
1362,1326,1
1363,501,1
1363,1243,1
1364,1473,1
1364,1050,1
1364,1519,1
1365,1919,1
1365,838,1
1365,480,1
1365,1236,1
1365,1253,1
1365,1567,1
1365,930,1
1366,970,1
1366,161,1
1366,1192,1
1366,1847,1
1366,70,1
1366,1259,1
1366,124,1
1367,1267,1
1367,563,1
1367,1633,1
1367,768,1
1367,1697,1
1367,435,1
1367,1567,1
1368,1354,1
1369,96,1
1369,1734,1
1370,1827,1
1370,1302,1
1370,865,1
1370,1848,1
1370,474,1
1371,657,1
1371,552,1
1371,885,1
1371,749,1
1372,329,1
1372,1379,1
1372,1017,1
1373,226,1
1373,156,1
1373,483,1
1373,1314,1
1373,148,1
1373,887,1
1373,1054,1
1374,615,1
1374,119,1
1374,1926,1
1374,1956,1
1375,81,1
1376,652,1
1376,408,1
1376,1069,1
1376,1099,1
1377,1245,1
1377,752,1
1377,1678,1
1378,1294,1
1378,910,1
1378,551,1
1378,945,1
1378,1472,1
1378,442,1
1378,1907,1
1379,1699,1
1379,1049,1
1379,145,1
1379,1666,1
1379,695,1
1379,448,1
1380,770,1
1380,836,1
1380,1889,1
1380,1243,1
1380,1906,1
1380,1536,1
1381,893,1
1381,186,1
1382,238,1
1382,1407,1
1382,1464,1
1382,506,1
1383,780,1
1383,244,1
1383,936,1
1383,541,1
1384,1880,1
1384,1530,1
1384,368,1
1384,1835,1
1384,1159,1
1385,1632,1
1385,1616,1
1385,883,1
1385,469,1
1385,1063,1
1385,1299,1
1386,1027,1
1386,1042,1
1386,1230,1
1386,1660,1
1386,1225,1
1386,1543,1
1386,147,1
1387,35,1
1388,70,1
1388,1628,1
1388,1909,1
1389,1590,1
1389,1405,1
1389,634,1
1389,366,1
1389,1839,1
1389,1360,1
1390,1982,1
1391,916,1
1391,1941,1
1391,722,1
1392,257,1
1392,311,1
1392,1873,1
1392,52,1
1392,414,1
1392,1200,1
1393,1798,1
1393,252,1
1393,687,1
1393,1443,1
1393,1768,1
1393,1839,1
1394,916,1
1394,458,1
1394,1021,1
1394,1808,1
1394,1836,1
1394,1873,1
1395,1708,1
1395,1996,1
1396,1590,1
1397,1262,1
1397,1198,1
1397,1990,1
1398,1812,1
1398,1693,1
1398,743,1
1398,1938,1
1398,1437,1
1398,1519,1
1399,1388,1
1400,1909,1
1400,755,1
1400,1246,1
1400,201,1
1400,1311,1
1400,1085,1
1401,199,1
1401,719,1
1401,1356,1
1401,1935,1
1402,698,1
1402,889,1
1402,1415,1
1402,524,1
1402,1825,1
1402,40,1
1402,1876,1
1403,1104,1
1404,337,1
1404,1284,1
1404,310,1
1405,151,1
1405,476,1
1405,751,1
1405,240,1
1405,177,1
1405,1471,1
1406,696,1
1406,1367,1
1406,715,1
1407,1199,1
1407,313,1
1407,944,1
1407,41,1
1407,967,1
1407,1110,1
1408,1206,1
1408,1298,1
1408,516,1
1408,1725,1
1408,1997,1
1408,732,1
1409,1793,1
1410,1802,1
1410,284,1
1410,561,1
1410,1200,1
1410,1028,1
1410,1840,1
1411,629,1
1411,1438,1
1411,487,1
1412,1640,1
1412,1956,1
1412,419,1
1412,885,1
1413,1608,1
1413,465,1
1413,167,1
1413,681,1
1414,1408,1
1414,793,1
1414,1317,1
1414,167,1
1415,453,1
1415,818,1
1415,87,1
1415,1416,1
1416,1001,1
1416,724,1
1416,536,1
1417,332,1
1418,1106,1
1418,586,1
1418,1425,1
1418,295,1
1418,1042,1
1419,1928,1
1420,535,1
1421,443,1
1421,246,1
1422,1172,1
1422,1259,1
1423,1752,1
1423,1267,1
1423,479,1
1423,1245,1
1423,608,1
1424,1973,1
1424,1056,1
1424,1193,1
1424,1577,1
1424,104,1
1425,135,1
1426,1425,1
1427,297,1
1427,854,1
1427,966,1
1427,1513,1
1427,509,1
1427,1799,1
1427,1099,1
1428,919,1
1428,499,1
1428,1486,1
1428,871,1
1429,914,1
1429,620,1
1429,91,1
1429,1232,1
1429,1347,1
1429,330,1
1430,73,1
1430,988,1
1430,1020,1
1430,211,1
1430,401,1
1430,984,1
1430,776,1
1431,906,1
1432,593,1
1432,1320,1
1433,1087,1
1433,1367,1
1433,1324,1
1433,166,1
1433,1126,1
1433,695,1
1433,1093,1
1434,1750,1
1434,791,1
1434,118,1
1434,418,1
1435,778,1
1435,978,1
1436,1537,1
1437,1912,1
1437,455,1
1437,396,1
1437,790,1
1437,144,1
1438,1632,1
1438,442,1
1438,1952,1
1438,1622,1
1438,1562,1
1438,780,1
1438,461,1
1439,1155,1
1439,1184,1
1440,477,1
1440,1592,1
1440,1232,1
1441,635,1
1441,1634,1
1441,99,1
1441,1092,1
1442,1136,1
1442,827,1
1442,834,1
1442,1585,1
1442,456,1
1442,324,1
1442,643,1
1443,1341,1
1444,1947,1
1444,1925,1
1444,470,1
1444,557,1
1444,1355,1
1445,331,1
1445,1191,1
1445,1958,1
1445,281,1
1445,1419,1
1445,135,1
1446,1283,1
1446,1549,1
1447,1994,1
1448,1301,1
1449,1255,1
1449,229,1
1449,816,1
1450,1942,1
1450,1798,1
1451,1065,1
1451,52,1
1452,394,1
1452,615,1
1453,1157,1
1453,38,1
1453,1936,1
1453,624,1
1453,1238,1
1453,1760,1
1453,249,1
1454,1599,1
1454,773,1
1454,962,1
1454,1547,1
1454,791,1
1454,78,1
1454,1482,1
1455,1031,1
1455,715,1
1455,1262,1
1455,202,1
1455,446,1
1456,720,1
1456,1542,1
1456,777,1
1456,1151,1
1456,20,1
1456,739,1
1457,873,1
1457,1331,1
1457,50,1
1457,1023,1
1457,1401,1
1457,825,1
1458,541,1
1459,236,1
1459,1366,1
1459,1361,1
1459,1127,1
1459,1158,1
1459,1420,1
1459,1262,1
1460,599,1
1460,1534,1
1460,932,1
1460,194,1
1460,1540,1
1460,558,1
1460,1019,1
1461,1726,1
1461,1345,1
1461,192,1
1461,753,1
1462,1528,1
1462,545,1
1462,733,1
1462,1976,1
1463,559,1
1463,260,1
1463,1203,1
1463,137,1
1463,1373,1
1464,527,1
1464,1007,1
1464,254,1
1464,1390,1
1464,1290,1
1465,745,1
1465,1951,1
1465,465,1
1465,1865,1
1466,1322,1
1466,22,1
1466,1948,1
1466,1175,1
1466,96,1
1466,541,1
1467,311,1
1468,948,1
1468,1796,1
1468,630,1
1468,884,1
1468,1143,1
1469,1230,1
1469,866,1
1469,735,1
1469,117,1
1469,1744,1
1469,759,1
1469,1863,1
1470,1308,1
1470,1252,1
1470,1129,1
1471,67,1
1471,196,1
1471,1427,1
1471,1935,1
1471,1545,1
1472,375,1
1472,943,1
1472,504,1
1472,1394,1
1473,1565,1
1473,1842,1
1473,1203,1
1473,705,1
1473,1438,1
1473,1825,1
1473,1086,1
1474,1385,1
1474,124,1
1474,359,1
1474,1853,1
1475,322,1
1476,913,1
1476,806,1
1476,1850,1
1477,1480,1
1477,1314,1
1477,279,1
1477,1225,1
1478,545,1
1479,392,1
1479,1452,1
1479,222,1
1479,235,1
1480,1821,1
1480,917,1
1480,1219,1
1481,1928,1
1482,559,1
1482,1349,1
1482,1415,1
1483,42,1
1483,841,1
1483,337,1
1483,3,1
1483,124,1
1484,1026,1
1484,61,1
1484,1987,1
1484,1938,1
1484,138,1
1484,1856,1
1484,1920,1
1485,314,1
1485,1523,1
1485,1300,1
1486,985,1
1486,1113,1
1486,1856,1
1486,1462,1
1487,83,1
1487,411,1
1488,1218,1
1488,710,1
1488,1960,1
1489,253,1
1490,1399,1
1490,1554,1
1490,1020,1
1491,963,1
1491,364,1
1491,1238,1
1491,955,1
1491,1644,1
1492,1362,1
1492,446,1
1492,875,1
1492,747,1
1492,1279,1
1492,1973,1
1492,350,1
1493,1158,1
1493,1298,1
1494,1428,1
1494,1391,1
1495,1895,1
1495,474,1
1495,1016,1
1495,843,1
1495,1806,1
1495,1358,1
1496,1718,1
1496,46,1
1496,1650,1
1496,1333,1
1496,1173,1
1496,895,1
1496,52,1
1497,557,1
1497,176,1
1497,1094,1
1498,247,1
1498,1408,1
1498,1378,1
1498,545,1
1499,1147,1
1499,1421,1
1499,193,1
1499,638,1
1499,1839,1
1499,109,1
1500,1759,1
1500,797,1
1500,841,1
1500,1029,1
1500,813,1
1500,447,1
1501,1476,1
1501,144,1
1501,1192,1
1501,1047,1
1502,1162,1
1502,1965,1
1502,1523,1
1502,1035,1
1502,539,1
1502,1350,1
1502,1312,1
1503,575,1
1503,1078,1
1503,718,1
1503,529,1
1504,639,1
1504,25,1
1505,669,1
1505,1191,1
1505,1864,1
1505,1374,1
1505,901,1
1505,581,1
1505,829,1
1506,939,1
1507,403,1
1507,878,1
1507,1327,1
1507,1601,1
1507,1029,1
1507,67,1
1508,935,1
1508,815,1
1508,1437,1
1508,1641,1
1509,774,1
1509,140,1
1509,287,1
1509,580,1
1510,1446,1
1510,352,1
1510,1556,1
1510,1161,1
1510,1837,1
1510,218,1
1511,1315,1
1511,572,1
1511,963,1
1512,974,1
1512,1040,1
1512,496,1
1513,357,1
1514,908,1
1514,1882,1
1514,465,1
1514,1850,1
1514,1630,1
1514,1034,1
1514,316,1
1515,1303,1
1515,1251,1
1516,627,1
1516,948,1
1516,565,1
1517,328,1
1517,1595,1
1518,1879,1
1518,1685,1
1518,1156,1
1519,172,1
1519,399,1
1519,264,1
1519,466,1
1519,1427,1
1519,181,1
1519,535,1
1520,107,1
1520,1058,1
1520,672,1
1520,1687,1
1520,1579,1
1521,1417,1
1521,980,1
1521,709,1
1522,447,1
1522,1867,1
1522,1130,1
1523,325,1
1523,1477,1
1523,1277,1
1523,119,1
1523,361,1
1524,1930,1
1524,760,1
1524,52,1
1524,116,1
1524,1938,1
1524,1174,1
1525,753,1
1525,1698,1
1525,878,1
1525,1141,1
1525,1684,1
1525,1803,1
1526,1176,1
1526,435,1
1526,20,1
1527,974,1
1527,560,1
1528,965,1
1529,1745,1
1529,369,1
1530,855,1
1530,1838,1
1530,54,1
1530,512,1
1530,1490,1
1530,452,1
1530,1359,1
1531,720,1
1532,1517,1
1532,1897,1
1532,1027,1
1532,1185,1
1532,1239,1
1532,1779,1
1532,869,1
1533,1809,1
1533,221,1
1533,852,1
1533,1416,1
1533,301,1
1534,1739,1
1535,381,1
1535,429,1
1535,525,1
1535,1998,1
1535,1642,1
1535,364,1
1535,1517,1
1536,296,1
1536,757,1
1536,1751,1
1536,1508,1
1536,1831,1
1536,1509,1
1536,1363,1
1537,950,1
1537,776,1
1537,306,1
1537,842,1
1537,1348,1
1538,1291,1
1538,1383,1
1539,883,1
1539,95,1
1539,595,1
1539,884,1
1540,193,1
1540,716,1
1541,1618,1
1541,153,1
1541,1050,1
1541,1062,1
1542,423,1
1542,464,1
1542,1553,1
1542,1761,1
1543,1927,1
1543,1960,1
1543,1511,1
1543,671,1
1544,589,1
1544,1611,1
1544,825,1
1544,615,1
1544,650,1
1544,372,1
1544,629,1
1545,1229,1
1546,547,1
1546,1336,1
1546,1082,1
1547,374,1
1547,794,1
1547,604,1
1547,294,1
1547,128,1
1547,1995,1
1547,1371,1
1548,1810,1
1548,587,1
1548,652,1
1548,618,1
1549,1048,1
1549,22,1
1550,808,1
1550,579,1
1551,929,1
1551,1266,1
1551,1795,1
1551,1954,1
1552,596,1
1552,509,1
1552,1630,1
1553,1727,1
1554,540,1
1554,920,1
1554,1797,1
1554,604,1
1555,1362,1
1555,245,1
1555,339,1
1555,1580,1
1555,1763,1
1555,347,1
1556,369,1
1557,1208,1
1557,1498,1
1558,1511,1
1559,1757,1
1559,1008,1
1560,1850,1
1560,1195,1
1560,1744,1
1561,1068,1
1561,1865,1
1561,927,1
1561,215,1
1561,163,1
1562,792,1
1562,603,1
1562,178,1
1562,1773,1
1562,874,1
1562,1784,1
1563,1086,1
1564,638,1
1565,1218,1
1565,963,1
1565,1579,1
1565,1840,1
1565,1917,1
1565,1955,1
1566,247,1
1566,914,1
1567,1687,1
1568,1950,1
1568,1680,1
1569,266,1
1569,1892,1
1569,83,1
1569,1079,1
1570,1617,1
1571,1737,1
1571,1456,1
1571,1284,1
1571,585,1
1571,143,1
1571,835,1
1571,1429,1
1572,963,1
1572,1023,1
1572,1207,1
1572,935,1
1572,1929,1
1572,893,1
1573,119,1
1573,1937,1
1573,891,1
1573,1047,1
1573,1019,1
1573,1532,1
1574,140,1
1574,1424,1
1574,569,1
1574,219,1
1574,1109,1
1574,555,1
1574,1359,1
1575,1378,1
1575,1312,1
1575,1840,1
1575,269,1
1576,368,1
1576,914,1
1576,1987,1
1576,146,1
1576,1773,1
1576,1622,1
1576,325,1
1577,1043,1
1577,716,1
1577,805,1
1577,564,1
1577,385,1
1577,207,1
1577,856,1
1578,1544,1
1578,1920,1
1578,1596,1
1578,1027,1
1578,433,1
1579,1909,1
1580,740,1
1580,1803,1
1580,1831,1
1581,1595,1
1582,182,1
1582,1710,1
1582,398,1
1582,1804,1
1583,1317,1
1583,1739,1
1583,1107,1
1583,871,1
1583,770,1
1584,94,1
1584,1672,1
1584,713,1
1584,518,1
1584,1414,1
1584,1307,1
1584,113,1
1585,1926,1
1585,39,1
1585,1078,1
1586,1424,1
1586,1087,1
1586,1532,1
1587,1437,1
1587,891,1
1588,436,1
1588,1718,1
1588,801,1
1588,782,1
1588,60,1
1588,1791,1
1589,489,1
1590,1153,1
1590,1339,1
1590,144,1
1590,1301,1
1590,190,1
1591,1006,1
1591,258,1
1591,1046,1
1591,1111,1
1592,1668,1
1593,174,1
1593,795,1
1593,234,1
1593,349,1
1593,637,1
1593,1367,1
1593,1182,1
1594,321,1
1594,159,1
1594,1822,1
1594,1343,1
1594,1860,1
1594,602,1
1594,919,1
1595,1136,1
1595,1339,1
1595,609,1
1596,545,1
1596,462,1
1596,1887,1
1596,424,1
1596,1345,1
1597,1592,1
1597,1909,1
1597,1367,1
1597,252,1
1597,775,1
1598,823,1
1599,1505,1
1599,1587,1
1600,890,1
1600,1009,1
1600,629,1
1600,1397,1
1600,919,1
1600,754,1
1601,125,1
1602,1229,1
1603,879,1
1603,1079,1
1603,1968,1
1603,1777,1
1604,1773,1
1604,1532,1
1604,1919,1
1604,88,1
1604,1608,1
1605,628,1
1606,604,1
1606,1059,1
1606,542,1
1607,159,1
1607,819,1
1607,829,1
1607,523,1
1608,662,1
1608,1577,1
1608,1409,1
1608,52,1
1608,927,1
1608,1418,1
1609,803,1
1610,1199,1
1610,219,1
1610,941,1
1610,125,1
1610,1867,1
1610,462,1
1610,993,1
1611,1052,1
1611,419,1
1612,1150,1
1613,533,1
1613,385,1
1613,619,1
1613,1899,1
1614,777,1
1614,167,1
1614,220,1
1614,426,1
1615,1175,1
1615,513,1
1616,1860,1
1616,369,1
1616,1338,1
1616,99,1
1617,1019,1
1617,1316,1
1617,1921,1
1617,793,1
1617,1102,1
1618,465,1
1618,1480,1
1618,258,1
1618,1835,1
1618,1268,1
1618,1068,1
1618,1588,1
1619,1658,1
1620,1862,1
1620,215,1
1620,912,1
1620,670,1
1620,1281,1
1621,834,1
1621,1845,1
1621,1465,1
1621,254,1
1621,1913,1
1621,1936,1
1621,1398,1
1622,1527,1
1622,114,1
1622,1396,1
1623,26,1
1623,296,1
1623,1583,1
1623,1449,1
1624,649,1
1624,1897,1
1624,506,1
1624,787,1
1625,49,1
1625,1656,1
1625,1779,1
1625,788,1
1625,228,1
1625,268,1
1626,385,1
1626,1321,1
1626,1880,1
1627,1253,1
1627,189,1
1627,160,1
1628,920,1
1628,1240,1
1629,1208,1
1629,684,1
1629,1240,1
1629,709,1
1630,1118,1
1630,1227,1
1630,1027,1
1631,729,1
1631,1125,1
1631,736,1
1632,35,1
1632,54,1
1633,1670,1
1634,199,1
1635,1160,1
1635,1318,1
1635,1844,1
1635,1330,1
1635,69,1
1636,1685,1
1637,482,1
1637,629,1
1638,1542,1
1638,1518,1
1638,1047,1
1638,1525,1
1639,1292,1
1639,1437,1
1639,1894,1
1639,1760,1
1639,1764,1
1640,1517,1
1640,1746,1
1640,749,1
1640,1435,1
1641,660,1
1641,926,1
1641,119,1
1641,744,1
1641,790,1
1641,166,1
1641,1916,1
1642,146,1
1642,1034,1
1642,982,1
1642,1153,1
1642,177,1
1642,882,1
1642,1917,1
1643,628,1
1643,1517,1
1643,1057,1
1644,409,1
1644,1013,1
1644,1798,1
1644,1993,1
1644,920,1
1645,522,1
1645,324,1
1645,1151,1
1645,1630,1
1646,1817,1
1646,958,1
1646,540,1
1646,246,1
1646,1663,1
1646,327,1
1647,734,1
1647,1062,1
1647,715,1
1647,1884,1
1647,1555,1
1648,783,1
1648,212,1
1649,75,1
1649,374,1
1649,1817,1
1649,1670,1
1649,1171,1
1650,1732,1
1650,185,1
1650,186,1
1651,1545,1
1651,227,1
1652,1844,1
1652,1825,1
1652,1070,1
1652,1470,1
1652,634,1
1652,1092,1
1652,1244,1
1653,821,1
1654,1857,1
1654,1045,1
1654,1018,1
1654,1795,1
1654,791,1
1654,50,1
1654,938,1
1655,292,1
1655,1117,1
1655,1822,1
1655,1586,1
1655,1797,1
1656,611,1
1656,607,1
1656,1693,1
1656,1591,1
1656,1520,1
1656,374,1
1657,1023,1
1657,1815,1
1658,681,1
1658,1446,1
1658,1623,1
1658,1239,1
1659,130,1
1659,34,1
1659,237,1
1659,1739,1
1659,563,1
1660,945,1
1660,509,1
1660,129,1
1660,1521,1
1660,457,1
1660,384,1
1661,1024,1
1661,980,1
1661,1870,1
1661,1088,1
1662,1778,1
1663,96,1
1664,529,1
1664,1088,1
1665,585,1
1666,798,1
1667,312,1
1667,176,1
1667,1096,1
1667,1354,1
1667,756,1
1668,861,1
1668,683,1
1668,1956,1
1669,897,1
1670,834,1
1670,70,1
1670,1603,1
1670,898,1
1670,1122,1
1671,573,1
1671,1502,1
1671,1235,1
1671,1160,1
1671,745,1
1671,490,1
1672,1971,1
1672,1772,1
1673,267,1
1673,651,1
1673,1558,1
1673,225,1
1673,887,1
1674,180,1
1675,576,1
1675,251,1
1675,199,1
1675,774,1
1676,1871,1
1676,813,1
1676,1453,1
1677,142,1
1677,215,1
1677,368,1
1678,1459,1
1679,1556,1
1679,1984,1
1679,1159,1
1679,661,1
1679,1096,1
1680,1570,1
1680,1157,1
1680,467,1
1680,470,1
1681,1070,1
1681,14,1
1681,1983,1
1681,1738,1
1681,173,1
1681,1170,1
1682,573,1
1682,1089,1
1682,1118,1
1682,668,1
1682,875,1
1682,1463,1
1682,497,1
1683,1130,1
1683,27,1
1683,1540,1
1683,1359,1
1683,1506,1
1683,1242,1
1684,1942,1
1684,1462,1
1685,1396,1
1686,1757,1
1686,353,1
1686,727,1
1686,1516,1
1686,1588,1
1686,1254,1
1686,222,1
1687,1971,1
1687,1913,1
1687,1642,1
1687,1045,1
1687,9,1
1687,172,1
1687,1445,1
1688,1646,1
1688,1311,1
1688,1314,1
1688,1965,1
1688,1167,1
1689,732,1
1689,1510,1
1689,1096,1
1689,67,1
1689,489,1
1690,1870,1
1690,837,1
1690,1856,1
1690,1478,1
1690,537,1
1691,202,1
1691,1116,1
1691,1255,1
1691,831,1
1691,1683,1
1692,618,1
1692,311,1
1693,488,1
1694,1143,1
1694,27,1
1694,231,1
1694,1837,1
1695,1086,1
1695,1655,1
1695,1387,1
1695,779,1
1696,1000,1
1696,673,1
1697,1885,1
1697,358,1
1697,376,1
1698,545,1
1699,305,1
1699,1772,1
1699,636,1
1699,1330,1
1699,108,1
1700,320,1
1700,535,1
1700,313,1
1700,654,1
1700,1008,1
1701,726,1
1701,1583,1
1701,232,1
1702,826,1
1702,760,1
1702,1143,1
1702,1515,1
1702,1262,1
1702,1355,1
1703,1559,1
1704,1082,1
1704,421,1
1704,158,1
1704,1913,1
1704,823,1
1705,698,1
1706,1983,1
1706,796,1
1706,323,1
1707,809,1
1707,48,1
1707,32,1
1707,928,1
1708,1247,1
1708,1270,1
1708,1144,1
1708,280,1
1709,206,1
1709,1322,1
1709,698,1
1709,419,1
1710,1328,1
1710,889,1
1710,929,1
1710,1386,1
1711,175,1
1712,886,1
1712,619,1
1712,862,1
1712,656,1
1712,1456,1
1713,761,1
1713,4,1
1714,1407,1
1714,69,1
1714,1755,1
1714,166,1
1715,1556,1
1715,910,1
1715,1664,1
1715,1569,1
1715,1558,1
1715,166,1
1715,153,1
1716,1795,1
1716,1204,1
1716,1726,1
1716,1364,1
1716,1542,1
1716,1054,1
1717,79,1
1717,211,1
1718,131,1
1718,1314,1
1718,1154,1
1718,1040,1
1718,1816,1
1719,77,1
1719,580,1
1719,61,1
1719,538,1
1719,1523,1
1719,1672,1
1720,253,1
1720,1804,1
1721,469,1
1721,1733,1
1722,1656,1
1722,1332,1
1723,1433,1
1723,1772,1
1723,497,1
1724,846,1
1724,1353,1
1724,1827,1
1724,1093,1
1725,985,1
1725,778,1
1725,1175,1
1725,630,1
1725,270,1
1725,1316,1
1725,883,1
1726,1295,1
1726,1567,1
1727,1332,1
1727,783,1
1728,1524,1
1729,262,1
1730,998,1
1730,563,1
1730,1388,1
1730,1659,1
1730,479,1
1731,716,1
1731,1746,1
1732,479,1
1732,501,1
1732,1194,1
1732,950,1
1733,934,1
1733,156,1
1733,1207,1
1733,281,1
1733,517,1
1734,1200,1
1734,974,1
1735,1621,1
1735,262,1
1736,128,1
1736,206,1
1736,1442,1
1736,1986,1
1736,893,1
1736,396,1
1737,1385,1
1737,623,1
1737,781,1
1738,116,1
1739,1332,1
1740,320,1
1740,1964,1
1740,302,1
1740,31,1
1740,304,1
1741,1348,1
1741,411,1
1741,851,1
1741,647,1
1741,1430,1
1741,1048,1
1741,1129,1
1742,75,1
1742,1980,1
1743,745,1
1743,1582,1
1743,369,1
1743,317,1
1743,1432,1
1744,133,1
1745,1949,1
1745,1685,1
1745,1546,1
1745,79,1
1745,476,1
1745,1624,1
1745,1721,1
1746,826,1
1747,742,1
1747,1164,1
1747,1290,1
1747,303,1
1748,386,1
1748,1445,1
1748,1340,1
1748,1171,1
1749,1633,1
1749,1023,1
1749,1070,1
1749,188,1
1749,1133,1
1750,1178,1
1750,1541,1
1750,1233,1
1750,685,1
1751,1116,1
1751,653,1
1751,608,1
1751,478,1
1751,1046,1
1752,1147,1
1752,738,1
1752,602,1
1752,1966,1
1752,1415,1
1752,1422,1
1753,767,1
1753,245,1
1754,101,1
1754,1748,1
1754,1922,1
1754,1228,1
1754,1599,1
1755,47,1
1755,947,1
1755,903,1
1755,932,1
1755,1597,1
1756,1342,1
1756,1710,1
1756,1836,1
1757,1939,1
1757,1664,1
1757,563,1
1757,75,1
1757,292,1
1758,1982,1
1758,911,1
1758,208,1
1758,1355,1
1758,1460,1
1758,55,1
1759,853,1
1759,315,1
1760,1854,1
1760,965,1
1760,386,1
1760,1191,1
1760,1040,1
1760,212,1
1761,255,1
1761,727,1
1762,614,1
1762,677,1
1762,1056,1
1762,1590,1
1762,1955,1
1763,175,1
1763,1316,1
1763,573,1
1763,1056,1
1764,413,1
1764,83,1
1764,1037,1
1764,77,1
1764,1719,1
1765,1489,1
1765,620,1
1765,346,1
1765,1038,1
1765,144,1
1766,1093,1
1766,253,1
1766,1438,1
1767,1598,1
1767,1473,1
1767,993,1
1767,1053,1
1767,923,1
1768,1230,1
1768,1805,1
1768,1334,1
1769,1712,1
1769,1945,1
1770,1326,1
1770,257,1
1771,1963,1
1771,651,1
1771,309,1
1771,1229,1
1772,1291,1
1772,277,1
1772,1441,1
1772,357,1
1772,1215,1
1773,1416,1
1773,385,1
1773,1480,1
1774,1254,1
1774,1473,1
1774,1185,1
1774,469,1
1774,1778,1
1774,1795,1
1775,1031,1
1776,1278,1
1776,1210,1
1776,655,1
1776,360,1
1776,1356,1
1777,1683,1
1777,1629,1
1777,1451,1
1777,114,1
1777,1658,1
1778,50,1
1779,1754,1
1779,1463,1
1779,875,1
1780,1970,1
1780,1818,1
1780,104,1
1780,948,1
1780,1206,1
1781,1013,1
1781,255,1
1781,242,1
1781,555,1
1782,821,1
1782,1649,1
1782,923,1
1783,1225,1
1783,1701,1
1783,1160,1
1783,1524,1
1784,1668,1
1784,1772,1
1784,1776,1
1785,170,1
1786,1532,1
1786,508,1
1786,1588,1
1786,480,1
1786,146,1
1786,1020,1
1786,1864,1
1787,1203,1
1788,1676,1
1788,1330,1
1788,1713,1
1789,647,1
1789,24,1
1789,1877,1
1789,1474,1
1789,1001,1
1789,20,1
1789,629,1
1790,421,1
1791,39,1
1791,730,1
1791,166,1
1791,1253,1
1791,1503,1
1791,1660,1
1792,1443,1
1792,1633,1
1792,22,1
1793,348,1
1794,1156,1
1794,865,1
1794,1436,1
1794,1684,1
1794,1687,1
1794,1234,1
1795,1265,1
1795,1367,1
1795,1027,1
1795,24,1
1795,1612,1
1795,320,1
1795,270,1
1796,1880,1
1796,1325,1
1796,317,1
1796,1360,1
1797,82,1
1797,1976,1
1797,523,1
1797,613,1
1797,831,1
1798,1866,1
1798,1127,1
1798,859,1
1798,1592,1
1799,419,1
1799,795,1
1799,1543,1
1799,575,1
1800,1995,1
1800,1149,1
1800,886,1
1800,533,1
1800,864,1
1800,228,1
1801,219,1
1801,1400,1
1801,1777,1
1801,1291,1
1801,1379,1
1802,288,1
1802,215,1
1803,1807,1
1803,1141,1
1803,209,1
1804,56,1
1804,1417,1
1804,1167,1
1804,968,1
1805,1932,1
1805,249,1
1805,587,1
1805,1357,1
1805,852,1
1805,122,1
1805,1342,1
1806,814,1
1806,1253,1
1806,1472,1
1806,1237,1
1807,237,1
1808,1504,1
1808,378,1
1808,1189,1
1808,653,1
1808,555,1
1808,1365,1
1809,595,1
1809,747,1
1809,468,1
1809,1265,1
1810,68,1
1811,846,1
1811,1819,1
1811,1702,1
1811,1494,1
1812,92,1
1812,1021,1
1812,139,1
1812,1633,1
1812,1899,1
1813,915,1
1813,1884,1
1813,868,1
1813,521,1
1813,1720,1
1814,346,1
1815,1999,1
1816,1175,1
1816,1391,1
1816,848,1
1816,1420,1
1817,1442,1
1817,318,1
1817,878,1
1817,1432,1
1817,422,1
1817,1366,1
1818,1854,1
1818,1338,1
1818,71,1
1818,838,1
1818,417,1
1818,1703,1
1818,585,1
1819,1541,1
1820,1079,1
1820,1956,1
1820,1044,1
1820,632,1
1821,400,1
1822,1726,1
1822,1715,1
1822,1978,1
1822,1579,1
1823,1378,1
1823,1200,1
1823,618,1
1823,1986,1
1823,1162,1
1823,1110,1
1823,947,1
1824,212,1
1824,99,1
1824,1951,1
1824,1496,1
1825,866,1
1825,1956,1
1825,393,1
1825,1131,1
1825,1620,1
1825,1447,1
1826,337,1
1826,536,1
1826,89,1
1826,1922,1
1827,1256,1
1827,367,1
1827,435,1
1827,1768,1
1828,780,1
1828,125,1
1828,966,1
1828,563,1
1828,1985,1
1829,1955,1
1829,654,1
1829,1078,1
1829,1892,1
1830,1180,1
1830,876,1
1830,977,1
1830,435,1
1831,1856,1
1831,355,1
1832,18,1
1832,1396,1
1832,61,1
1833,111,1
1833,1308,1
1833,1091,1
1833,1115,1
1833,1474,1
1833,592,1
1834,1312,1
1834,750,1
1835,42,1
1835,1970,1
1835,845,1
1835,605,1
1835,137,1
1835,1505,1
1835,1903,1
1836,91,1
1836,1964,1
1836,347,1
1836,1051,1
1836,1175,1
1836,1944,1
1836,1946,1
1837,196,1
1837,1727,1
1837,1781,1
1837,531,1
1837,563,1
1838,505,1
1839,1568,1
1839,1834,1
1840,212,1
1840,1470,1
1840,606,1
1840,1678,1
1841,174,1
1841,826,1
1841,1585,1
1841,1813,1
1841,572,1
1842,474,1
1842,741,1
1842,463,1
1843,1219,1
1844,1820,1
1844,682,1
1844,828,1
1844,994,1
1845,777,1
1846,1051,1
1846,1779,1
1846,242,1
1846,547,1
1846,15,1
1846,44,1
1847,650,1
1847,536,1
1847,754,1
1848,187,1
1848,1565,1
1848,1821,1
1849,829,1
1849,1340,1
1849,663,1
1850,1992,1
1850,1693,1
1850,396,1
1850,119,1
1851,926,1
1851,1767,1
1851,190,1
1851,1812,1
1851,1502,1
1851,589,1
1851,514,1
1852,1781,1
1852,587,1
1852,117,1
1853,1624,1
1853,775,1
1853,1217,1
1853,358,1
1853,226,1
1853,73,1
1854,83,1
1854,1366,1
1854,200,1
1855,58,1
1855,988,1
1855,1156,1
1855,1768,1
1855,979,1
1856,980,1
1857,850,1
1857,537,1
1857,286,1
1857,1948,1
1857,1954,1
1858,127,1
1858,1454,1
1858,425,1
1858,1962,1
1858,1202,1
1858,1290,1
1859,1658,1
1859,529,1
1859,1635,1
1860,288,1
1860,1809,1
1860,499,1
1860,909,1
1861,1282,1
1861,1908,1
1862,1686,1
1862,1426,1
1862,991,1
1862,1921,1
1862,1342,1
1862,1742,1
1862,1447,1
1863,1702,1
1864,1737,1
1864,1171,1
1864,219,1
1864,651,1
1865,475,1
1865,385,1
1865,938,1
1865,1815,1
1866,1195,1
1866,1636,1
1866,295,1
1866,122,1
1867,103,1
1867,1660,1
1867,266,1
1868,1544,1
1868,55,1
1869,1237,1
1869,423,1
1869,212,1
1869,1066,1
1869,1369,1
1870,1382,1
1870,1548,1
1870,1133,1
1870,1220,1
1870,1970,1
1870,292,1
1870,750,1
1871,189,1
1871,156,1
1871,1514,1
1871,1951,1
1871,470,1
1871,1836,1
1871,932,1
1872,869,1
1872,418,1
1873,515,1
1873,1319,1
1873,251,1
1873,184,1
1873,348,1
1874,1698,1
1874,1692,1
1874,432,1
1874,870,1
1875,253,1
1875,1987,1
1875,10,1
1875,794,1
1875,1755,1
1875,223,1
1875,1623,1
1876,1583,1
1876,635,1
1876,742,1
1877,1728,1
1877,1280,1
1877,345,1
1877,1150,1
1877,915,1
1878,1981,1
1878,1498,1
1878,506,1
1878,950,1
1878,1049,1
1878,391,1
1879,1962,1
1879,1075,1
1879,1410,1
1879,510,1
1879,1766,1
1879,1012,1
1880,122,1
1880,490,1
1880,1625,1
1880,1503,1
1880,324,1
1881,689,1
1881,1434,1
1881,1412,1
1881,966,1
1881,1196,1
1881,152,1
1882,895,1
1882,1229,1
1882,970,1
1882,1559,1
1883,1382,1
1883,1651,1
1883,539,1
1883,1657,1
1883,1196,1
1883,132,1
1883,1953,1
1884,1549,1
1884,842,1
1884,1529,1
1884,1786,1
1884,1009,1
1884,288,1
1885,1907,1
1885,1435,1
1886,1058,1
1886,1271,1
1887,1069,1
1887,1435,1
1887,1819,1
1887,1472,1
1887,1757,1
1887,1041,1
1888,851,1
1888,509,1
1888,1397,1
1888,327,1
1888,1728,1
1889,955,1
1889,1688,1
1889,1428,1
1889,377,1
1889,234,1
1889,918,1
1890,1508,1
1890,1664,1
1890,1630,1
1890,85,1
1891,153,1
1891,1064,1
1891,1016,1
1891,1926,1
1891,864,1
1891,632,1
1892,161,1
1892,984,1
1892,1706,1
1892,644,1
1892,608,1
1892,1258,1
1892,220,1
1893,1071,1
1893,835,1
1894,693,1
1894,191,1
1894,1684,1
1895,373,1
1896,109,1
1896,1972,1
1896,1261,1
1896,372,1
1897,141,1
1898,389,1
1898,1790,1
1898,791,1
1898,1322,1
1898,672,1
1898,1722,1
1899,270,1
1899,384,1
1899,512,1
1899,1315,1
1899,1813,1
1899,1280,1
1900,537,1
1901,266,1
1901,208,1
1901,1043,1
1901,306,1
1901,604,1
1902,230,1
1902,470,1
1902,194,1
1902,593,1
1903,637,1
1903,1542,1
1903,1949,1
1903,1160,1
1904,1868,1
1904,1692,1
1904,1848,1
1904,269,1
1905,654,1
1905,1542,1
1905,886,1
1905,1503,1
1905,1056,1
1906,1558,1
1906,61,1
1907,750,1
1907,1328,1
1907,1540,1
1908,397,1
1908,660,1
1908,415,1
1908,1471,1
1908,476,1
1908,573,1
1909,146,1
1909,1936,1
1909,1808,1
1909,358,1
1910,1649,1
1910,1473,1
1910,1206,1
1911,196,1
1911,1466,1
1912,241,1
1912,1097,1
1912,1255,1
1912,2000,1
1913,173,1
1913,1501,1
1913,1937,1
1913,1636,1
1913,1683,1
1914,575,1
1914,1939,1
1914,1569,1
1914,1351,1
1914,449,1
1915,1540,1
1915,661,1
1915,739,1
1915,939,1
1915,411,1
1915,1042,1
1915,22,1
1916,1224,1
1916,1542,1
1916,162,1
1917,390,1
1917,1319,1
1917,544,1
1917,1302,1
1917,1723,1
1917,1725,1
1918,994,1
1918,1774,1
1918,577,1
1918,739,1
1918,724,1
1918,1028,1
1918,148,1
1919,606,1
1920,1726,1
1920,22,1
1920,676,1
1920,814,1
1921,1524,1
1921,577,1
1921,1450,1
1922,1808,1
1922,834,1
1923,1889,1
1924,854,1
1924,108,1
1924,30,1
1924,1447,1
1924,463,1
1925,801,1
1925,1242,1
1925,1113,1
1925,793,1
1925,1716,1
1925,383,1
1926,1566,1
1926,1601,1
1927,850,1
1927,321,1
1927,508,1
1927,830,1
1927,381,1
1928,792,1
1928,1877,1
1928,1172,1
1928,1627,1
1928,1275,1
1928,1093,1
1928,1821,1
1929,1580,1
1929,1230,1
1929,19,1
1930,1855,1
1931,1395,1
1931,93,1
1931,1760,1
1931,827,1
1931,702,1
1932,1011,1
1932,1952,1
1932,656,1
1932,389,1
1933,597,1
1934,670,1
1934,1435,1
1934,168,1
1934,1644,1
1934,1678,1
1934,1741,1
1934,857,1
1935,1848,1
1935,441,1
1935,1000,1
1936,1677,1
1936,1863,1
1936,923,1
1936,1954,1
1936,1229,1
1936,1500,1
1937,998,1
1937,1876,1
1937,1923,1
1937,412,1
1937,3,1
1937,1952,1
1938,1162,1
1938,1963,1
1938,718,1
1938,126,1
1938,1229,1
1939,486,1
1939,414,1
1939,1162,1
1939,1756,1
1939,1339,1
1939,109,1
1939,578,1
1940,414,1
1940,1661,1
1940,240,1
1940,1926,1
1940,385,1
1940,1336,1
1941,581,1
1941,664,1
1941,1251,1
1941,1144,1
1941,1412,1
1942,1660,1
1942,1460,1
1942,1952,1
1943,1281,1
1943,370,1
1943,955,1
1944,1852,1
1944,1493,1
1944,98,1
1945,1324,1
1945,793,1
1945,127,1
1945,1203,1
1945,1458,1
1945,1386,1
1945,827,1
1946,794,1
1946,72,1
1946,1256,1
1947,885,1
1947,580,1
1947,208,1
1947,982,1
1947,445,1
1947,984,1
1948,226,1
1948,1574,1
1948,365,1
1949,937,1
1950,1878,1
1950,1040,1
1950,573,1
1950,680,1
1950,1958,1
1951,967,1
1951,343,1
1951,1076,1
1952,1116,1
1952,744,1
1952,7,1
1952,1004,1
1952,1297,1
1953,1276,1
1953,1214,1
1953,293,1
1953,1108,1
1954,555,1
1955,1269,1
1956,104,1
1956,713,1
1956,1229,1
1956,210,1
1956,658,1
1957,549,1
1957,1221,1
1957,843,1
1957,342,1
1957,788,1
1957,1361,1
1957,1363,1
1958,416,1
1958,1049,1
1958,1372,1
1958,255,1
1958,1973,1
1958,1085,1
1959,488,1
1959,952,1
1960,1252,1
1960,789,1
1960,893,1
1961,1898,1
1961,1936,1
1961,1609,1
1962,1855,1
1962,374,1
1962,1129,1
1962,1684,1
1962,1976,1
1962,1256,1
1962,875,1
1963,197,1
1964,1494,1
1964,1905,1
1964,378,1
1964,914,1
1964,1211,1
1964,663,1
1965,514,1
1965,1051,1
1965,1652,1
1965,260,1
1965,1150,1
1965,1877,1
1966,1764,1
1966,879,1
1966,1341,1
1966,1784,1
1966,1204,1
1966,755,1
1967,315,1
1968,365,1
1969,1430,1
1969,672,1
1969,1996,1
1969,311,1
1969,1153,1
1969,1952,1
1970,1058,1
1970,1982,1
1970,670,1
1970,1975,1
1971,1907,1
1971,765,1
1971,781,1
1971,669,1
1971,150,1
1971,1712,1
1971,1449,1
1972,1252,1
1972,1684,1
1972,1626,1
1973,1804,1
1973,397,1
1973,1977,1
1974,881,1
1975,1284,1
1975,53,1
1975,1969,1
1975,182,1
1975,252,1
1975,449,1
1975,1523,1
1976,1174,1
1976,692,1
1976,312,1
1976,1582,1
1976,569,1
1976,1367,1
1976,1747,1
1977,724,1
1978,1982,1
1978,570,1
1978,825,1
1978,332,1
1978,760,1
1979,634,1
1979,1725,1
1980,1223,1
1980,1152,1
1980,1858,1
1980,28,1
1980,923,1
1980,466,1
1981,1293,1
1981,113,1
1981,1268,1
1981,1512,1
1981,202,1
1981,403,1
1981,1903,1
1982,1226,1
1982,1244,1
1982,1992,1
1982,1069,1
1983,296,1
1983,1489,1
1983,598,1
1983,388,1
1983,557,1
1984,1423,1
1984,1424,1
1984,393,1
1984,1159,1
1984,512,1
1984,1382,1
1985,1274,1
1985,1296,1
1985,1767,1
1985,1823,1
1985,1938,1
1985,745,1
1985,482,1
1986,1021,1
1986,1845,1
1986,994,1
1987,1750,1
1987,257,1
1987,1739,1
1987,1662,1
1987,687,1
1988,870,1
1988,1721,1
1988,650,1
1989,1621,1
1989,1721,1
1989,1488,1
1989,396,1
1989,1069,1
1990,187,1
1990,114,1
1990,1787,1
1990,28,1
1990,1946,1
1990,1022,1
1990,181,1
1991,482,1
1992,1860,1
1992,756,1
1992,978,1
1992,155,1
1992,172,1
1993,1264,1
1993,1144,1
1993,541,1
1993,1890,1
1993,814,1
1993,665,1
1993,1104,1
1994,1355,1
1994,900,1
1994,1362,1
1994,762,1
1994,1059,1
1995,183,1
1995,109,1
1995,1097,1
1996,404,1
1996,61,1
1996,1830,1
1997,1822,1
1997,1583,1
1998,29,1
1998,1835,1
1998,1587,1
1998,1112,1
1998,1851,1
1999,1324,1
1999,203,1
1999,130,1
1999,1444,1
1999,1725,1
1999,994,1
1999,1507,1
2000,538,1
2000,1133,1
2000,1504,1
2000,1733,1
